file	frontend/components/exam/reading-exam-preview.tsx
component	ReadingExamPreview
start	996
end	5265

index	kind	start	end	lines	names	local_refs	all_refs
1	hook	997	997	1	router		useRouter
2	derived	998	998	1	isAttemptPreview		Boolean,data
3	hook	999	999	1	storedCandidateName		useAuthStore
4	hook	1000	1000	1	accessToken		useAuthStore
5	derived	1001	1001	1	containerRef		HTMLElement,useRef
6	derived	1002	1002	1	readingPaneRef		HTMLDivElement,useRef
7	derived	1003	1003	1	questionPaneRef		HTMLDivElement,useRef
8	derived	1004	1004	1	listeningAudioRef		HTMLAudioElement,useRef
9	derived	1005	1005	1	textBlockRefs		HTMLElement,Record,useRef
10	derived	1006	1006	1	examData		DEFAULT_EXAM_DATA,data
11	derived	1007	1007	1	initialTimeSpentSeconds	examData	Math,examData
12	memo	1008	1011	4	initialReviewTarget	examData	examData,resolveInitialReviewTarget,useMemo
13	derived	1012	1012	1	initialQuestionId	examData,initialReviewTarget	examData,initialReviewTarget
14	derived	1013	1013	1	initialSectionId	examData,initialQuestionId,initialReviewTarget	examData,findSectionIdForQuestion,initialQuestionId,initialReviewTarget
15	derived	1014	1014	1	answers,setAnswers	examData	Record,examData,useState
16	state	1015	1015	1	hasMounted,setHasMounted		useState
17	derived	1016	1016	1	theme,setTheme		useState
18	state	1017	1017	1	splitRatio,setSplitRatio	examData	clampSplitRatio,examData,useState
19	state	1018	1018	1	fontScale,setFontScale	examData	clampFontScale,examData,useState
20	state	1019	1023	5	timeLeft,setTimeLeft	examData,initialTimeSpentSeconds	Math,examData,initialTimeSpentSeconds,mode,useState
21	state	1024	1024	1	isSubmitted,setIsSubmitted		useState
22	state	1025	1025	1	isSubmitting,setIsSubmitting		useState
23	state	1026	1026	1	isCalculatingResults,setIsCalculatingResults		useState
24	state	1027	1027	1	isFullscreen,setIsFullscreen		useState
25	derived	1028	1028	1	activeDialog,setActiveDialog		PreviewDialog,useState
26	derived	1029	1029	1	activeDialogRef		PreviewDialog,useRef
27	derived	1030	1030	1	fullscreenDialogStage,setFullscreenDialogStage		FullscreenDialogStage,useState
28	state	1031	1031	1	fullscreenExitCountdown,setFullscreenExitCountdown		useState
29	derived	1032	1032	1	strictListeningPhase,setStrictListeningPhase		StrictListeningPhase,useState
30	state	1033	1033	1	strictListeningTransferLeft,setStrictListeningTransferLeft		LISTENING_TRANSFER_SECONDS,useState
31	state	1034	1034	1	strictListeningIsPlaying,setStrictListeningIsPlaying		useState
32	state	1035	1035	1	strictListeningPlaybackBlocked,setStrictListeningPlaybackBlocked		useState
33	state	1036	1036	1	strictListeningElapsedSeconds,setStrictListeningElapsedSeconds	initialTimeSpentSeconds	initialTimeSpentSeconds,useState
34	state	1037	1039	3	strictListeningAudioSectionId,setStrictListeningAudioSectionId	initialSectionId	initialSectionId,useState
35	state	1040	1040	1	activeQuestionId,setActiveQuestionId	initialQuestionId	initialQuestionId,useState
36	state	1041	1041	1	activeSectionId,setActiveSectionId	initialSectionId	initialSectionId,useState
37	state	1042	1042	1	showPassageQuestionNav,setShowPassageQuestionNav		useState
38	state	1043	1043	1	isDraggingSplit,setIsDraggingSplit		useState
39	derived	1044	1044	1	draggingHeading,setDraggingHeading		groupId,sourceQuestionId,useState,value
40	derived	1045	1045	1	dragOverQuestionId,setDragOverQuestionId		useState
41	derived	1046	1046	1	dragOverHeadingBankGroupId,setDragOverHeadingBankGroupId		useState
42	derived	1047	1052	6	draggingWordBank,setDraggingWordBank		groupId,previewLabel,sourceQuestionId,useState,value
43	derived	1053	1053	1	dragOverWordBankQuestionId,setDragOverWordBankQuestionId		useState
44	derived	1054	1054	1	dragOverWordBankGroupId,setDragOverWordBankGroupId		useState
45	derived	1055	1055	1	dragPreviewPosition,setDragPreviewPosition		useState,x,y
46	derived	1056	1056	1	textHighlights,setTextHighlights	examData	Record,TextHighlight,examData,useState
47	derived	1057	1057	1	explanationHighlightQuote,setExplanationHighlightQuote		useState
48	derived	1058	1058	1	selectionToolbar,setSelectionToolbar		SelectionToolbarState,useState
49	state	1059	1059	1	showGuestLoginModal,setShowGuestLoginModal		useState
50	derived	1060	1062	3	syncState,setSyncState	examData	examData,useState
51	derived	1063	1073	11	dialogResetKey	examData,initialReviewTarget	examData,initialReviewTarget,mode
52	derived	1074	1074	1	previousDialogResetKeyRef		useRef
53	ref	1075	1075	1	allowLeaveRef		useRef
54	ref	1076	1076	1	ignoreNextFullscreenExitRef		useRef
55	function	1078	1081	4	updateActiveDialog	activeDialogRef,setActiveDialog	PreviewDialog,activeDialogRef,setActiveDialog
56	ref	1082	1082	1	hasExamFullscreenSessionRef		useRef
57	derived	1083	1083	1	strictListeningCompletedAudioRef		Record,useRef
58	derived	1084	1084	1	saveTimersRef		Record,useRef
59	derived	1085	1085	1	pendingAnswerValuesRef		Record,useRef
60	derived	1086	1086	1	latestAnswersRef	examData	Record,examData,useRef
61	derived	1087	1087	1	sectionTimeSpentSecondsRef	examData	Record,examData,normalizeSectionTimeSpentSeconds,useRef
62	derived	1088	1090	3	activeSectionTimerRef	initialSectionId	Date,initialSectionId,sectionId,startedAtMs,useRef
63	derived	1091	1091	1	progressSaveTimerRef		useRef
64	ref	1092	1092	1	timerBaseSpentSecondsRef	initialTimeSpentSeconds	initialTimeSpentSeconds,useRef
65	ref	1093	1093	1	timerBaseStartedAtMsRef		Date,useRef
66	derived	1094	1111	18	latestProgressRef	activeQuestionId,examData,initialQuestionId,initialTimeSpentSeconds,textHighlights	PreviewUiState,Record,TextHighlight,activeQuestionId,clampFontScale,clampSplitRatio,examData,initialQuestionId,initialTimeSpentSeconds,normalizeSectionTimeSpentSeconds,sectionTimeSpentSec,textHighlights,timeSpentSec,uiState,useRef
67	function	1113	1131	19	handlePaneWheel		HTMLDivElement,Math,Number,ReactWheelEvent
68	derived	1132	1139	8	headingDragStateRef		dragging,groupId,sourceQuestionId,startX,startY,useRef,value
69	memo	1140	1140	1	allQuestions	examData	examData,useMemo
70	memo	1141	1229	89	previewSections	examData	Map,PreviewGroup,PreviewParagraph,PreviewQuestion,PreviewSection,PreviewTranscriptQuestionLocation,PreviewTranscriptSegment,examData,sectionKeyForGroup,sectionKeyForParagraph,undefined,useMemo
71	memo	1230	1233	4	currentSection	activeSectionId,previewSections	activeSectionId,previewSections,useMemo
72	derived	1234	1234	1	currentParagraphs	currentSection,examData	currentSection,examData
73	derived	1235	1235	1	currentQuestionGroups	currentSection,examData	currentSection,examData
74	derived	1236	1236	1	currentQuestions	allQuestions,currentSection	allQuestions,currentSection
75	derived	1237	1237	1	isListeningPreview	examData	examData
76	derived	1238	1238	1	isExamMode		mode
77	derived	1239	1239	1	isReviewMode		mode
78	derived	1240	1240	1	isSinglePaneListeningMode	isListeningPreview,isReviewMode	isListeningPreview,isReviewMode
79	derived	1241	1241	1	isStrictListeningExam	isExamMode,isSinglePaneListeningMode	isExamMode,isSinglePaneListeningMode
80	derived	1242	1244	3	timedSectionId	activeSectionId,isStrictListeningExam,strictListeningAudioSectionId,strictListeningPhase	activeSectionId,isStrictListeningExam,strictListeningAudioSectionId,strictListeningPhase
81	derived	1245	1245	1	currentTranscriptSegments	currentSection	currentSection
82	derived	1246	1246	1	currentTranscriptQuestionLocations	currentSection	currentSection
83	memo	1247	1250	4	strictListeningAudioSection	previewSections,strictListeningAudioSectionId	previewSections,strictListeningAudioSectionId,useMemo
84	derived	1251	1251	1	reviewItems	examData	examData
85	memo	1254	1266	13	reviewQuoteList	examData,isReviewMode	Object,Set,examData,isReviewMode,useMemo
86	derived	1267	1267	1	candidateName	hasMounted,storedCandidateName	hasMounted,storedCandidateName
87	state	1268	1268	1	showListeningTranscript,setShowListeningTranscript		useState
88	state	1269	1269	1	showTranscriptAnswerLocations,setShowTranscriptAnswerLocations		useState
89	effect	1271	1273	3		setHasMounted	setHasMounted,useEffect
90	effect	1275	1292	18		hasExamFullscreenSessionRef,isExamMode,isReviewMode,isSubmitted	document,hasExamFullscreenSessionRef,isExamMode,isReviewMode,isSubmitted,useEffect
91	effect	1294	1380	87		activeSectionTimerRef,dialogResetKey,examData,hasExamFullscreenSessionRef,ignoreNextFullscreenExitRef,initialQuestionId,initialReviewTarget,initialSectionId,isReviewMode,latestAnswersRef,latestProgressRef,pendingAnswerValuesRef,previewSections,previousDialogResetKeyRef,readAttemptBackup,resetWallClockTimer,sectionTimeSpentSecondsRef,setActiveQuestionId,setActiveSectionId,setAnswers,setFontScale,setFullscreenDialogStage,setFullscreenExitCountdown,setIsSubmitted,setIsSubmitting,setShowListeningTranscript,setShowPassageQuestionNav,setShowTranscriptAnswerLocations,setSplitRatio,setStrictListeningAudioSectionId,setStrictListeningElapsedSeconds,setStrictListeningIsPlaying,setStrictListeningPhase,setStrictListeningPlaybackBlocked,setStrictListeningTransferLeft,setSyncState,setTextHighlights,setTheme,setTimeLeft,strictListeningCompletedAudioRef,updateActiveDialog	Boolean,Date,LISTENING_TRANSFER_SECONDS,Math,Object,activeSectionTimerRef,clampFontScale,clampSplitRatio,dialogResetKey,document,examData,findSectionIdForQuestion,getDocumentTheme,hasExamFullscreenSessionRef,ignoreNextFullscreenExitRef,initialQuestionId,initialReviewTarget,initialSectionId,isReviewMode,latestAnswersRef,latestProgressRef,mergeSectionTimeSpentSeconds,mode,pendingAnswerValuesRef,previewSections,previousDialogResetKeyRef,readAttemptBackup,resetWallClockTimer,sectionTimeSpentSecondsRef,setActiveQuestionId,setActiveSectionId,setAnswers,setFontScale,setFullscreenDialogStage,setFullscreenExitCountdown,setIsSubmitted,setIsSubmitting,setShowListeningTranscript,setShowPassageQuestionNav,setShowTranscriptAnswerLocations,setSplitRatio,setStrictListeningAudioSectionId,setStrictListeningElapsedSeconds,setStrictListeningIsPlaying,setStrictListeningPhase,setStrictListeningPlaybackBlocked,setStrictListeningTransferLeft,setSyncState,setTextHighlights,setTheme,setTimeLeft,strictListeningCompletedAudioRef,undefined,updateActiveDialog,useEffect
92	effect	1382	1410	29		activeSectionId,initialReviewTarget,isReviewMode,questionPaneRef	HTMLElement,activeSectionId,document,initialReviewTarget,isReviewMode,questionPaneRef,useEffect,window
93	effect	1412	1482	71		accessToken,activeDialogRef,examData,fullscreenDialogStage,hasExamFullscreenSessionRef,ignoreNextFullscreenExitRef,isExamMode,isSubmitted,isSubmitting,setFullscreenDialogStage,setFullscreenExitCountdown,setIsFullscreen,updateActiveDialog	Boolean,JSON,accessToken,activeDialogRef,attemptApiBaseUrl,buildAttemptRequestHeaders,document,examData,fetchInternalUserApi,fullscreenDialogStage,hasExamFullscreenSessionRef,ignoreNextFullscreenExitRef,isExamMode,isSubmitted,isSubmitting,setFullscreenDialogStage,setFullscreenExitCountdown,setIsFullscreen,undefined,updateActiveDialog,useEffect,window
94	effect	1484	1516	33		examData,isReviewMode,isStrictListeningExam,isSubmitted,setStrictListeningElapsedSeconds,setStrictListeningTransferLeft,setTimeLeft,strictListeningPhase,wallClockTimeSpentSeconds	Math,examData,isReviewMode,isStrictListeningExam,isSubmitted,mode,setStrictListeningElapsedSeconds,setStrictListeningTransferLeft,setTimeLeft,strictListeningPhase,useEffect,wallClockTimeSpentSeconds,window
95	effect	1518	1525	8		isStrictListeningExam,isSubmitted,submitAttempt,timeLeft	isStrictListeningExam,isSubmitted,mode,submitAttempt,timeLeft,useEffect
96	effect	1527	1535	9		isStrictListeningExam,isSubmitted,setStrictListeningPhase,strictListeningPhase,strictListeningTransferLeft,submitAttempt	isStrictListeningExam,isSubmitted,setStrictListeningPhase,strictListeningPhase,strictListeningTransferLeft,submitAttempt,useEffect
97	effect	1537	1551	15		activeDialog,fullscreenDialogStage,fullscreenExitCountdown,isSubmitting,setFullscreenExitCountdown,submitAttempt	activeDialog,fullscreenDialogStage,fullscreenExitCountdown,isSubmitting,setFullscreenExitCountdown,submitAttempt,useEffect,window
98	memo	1553	1556	4	answeredCount	allQuestions,answers	allQuestions,answeredQuestionWeight,answers,useMemo
99	memo	1557	1560	4	totalQuestions	allQuestions	allQuestions,isMcqMultiple,mcMultipleQuestionWeight,useMemo
100	memo	1561	1564	4	currentAnsweredCount	answers,currentQuestions	answeredQuestionWeight,answers,currentQuestions,useMemo
101	memo	1565	1568	4	currentTotalQuestions	currentQuestions	currentQuestions,isMcqMultiple,mcMultipleQuestionWeight,useMemo
102	memo	1569	1591	23	matchingInformationParagraphOptions	examData	Map,Set,examData,useMemo
103	memo	1592	1609	18	matchingHeadingTargets	examData	Map,PreviewGroup,PreviewQuestion,examData,paragraphLabelFromPrompt,useMemo
104	memo	1610	1634	25	matchingHeadingExamples	examData	Map,examData,groupId,label,prefix,splitOptionLines,text,typedOptionView,useMemo,value
105	memo	1635	1655	21	headingOptionLookup	examData	Map,examData,label,prefix,splitOptionLines,text,typedOptionView,useMemo,value
106	derived	1656	1656	1	unansweredCount	answeredCount,totalQuestions	answeredCount,totalQuestions
107	derived	1657	1657	1	isLastFiveMinutes	isExamMode,timeLeft	isExamMode,timeLeft
108	derived	1658	1658	1	isLastMinute	isExamMode,timeLeft	isExamMode,timeLeft
109	derived	1659	1659	1	effectiveFontScale	fontScale	fontScale
110	derived	1660	1660	1	bodyFontSize	effectiveFontScale	effectiveFontScale
111	derived	1661	1665	5	timerDisplay	isExamMode,isLastFiveMinutes,timeLeft	formatCountdown,formatMinutesLeft,isExamMode,isLastFiveMinutes,timeLeft
112	derived	1666	1666	1	strictListeningTimerDisplay	strictListeningTransferLeft	formatCountdown,strictListeningTransferLeft
113	derived	1667	1671	5	strictListeningAutoPlayDelayMs	isStrictListeningExam,strictListeningCompletedAudioRef,strictListeningPhase	Object,isStrictListeningExam,strictListeningCompletedAudioRef,strictListeningPhase
114	derived	1672	1672	1	showStrictListeningTransferTimer	isStrictListeningExam,strictListeningPhase	isStrictListeningExam,strictListeningPhase
115	derived	1673	1673	1	submitDisabled	isStrictListeningExam,isSubmitted,isSubmitting,strictListeningPhase	isStrictListeningExam,isSubmitted,isSubmitting,strictListeningPhase
116	derived	1674	1676	3	inputFocusClass	theme	theme
117	derived	1677	1679	3	activeInputClass	theme	theme
118	derived	1680	1682	3	answerNumberBadgeClassName	theme	theme
119	derived	1683	1684	2	inlineAnswerFieldClassName		
120	derived	1685	1686	2	inlineAnswerPlaceholderClassName		
121	derived	1687	1687	1	inlineRowControlClassName		
122	derived	1688	1691	4	layoutStyle	splitRatio	CSSProperties,splitRatio
123	derived	1692	1704	13	examToneStyle	theme	CSSProperties,theme
124	derived	1705	1705	1	attemptBackupKey	examData	examData
125	function	1707	1729	23	readAttemptBackup	answers,attemptBackupKey,textHighlights	JSON,PreviewUiState,Record,TextHighlight,answers,attemptBackupKey,sectionTimeSpentSec,textHighlights,timeSpentSec,uiState,updatedAt,window
126	function	1731	1747	17	writeAttemptBackup	attemptBackupKey,isReviewMode,isSubmitted,latestAnswersRef,latestProgressRef,refreshLatestProgressSnapshot	Date,JSON,attemptBackupKey,isReviewMode,isSubmitted,latestAnswersRef,latestProgressRef,refreshLatestProgressSnapshot,window
127	function	1749	1756	8	clearAttemptBackup	attemptBackupKey	attemptBackupKey,window
128	effect	1758	1762	5		activeQuestionId,allQuestions,setActiveQuestionId	activeQuestionId,allQuestions,setActiveQuestionId,useEffect
129	effect	1764	1768	5		activeSectionId,previewSections,setActiveSectionId	activeSectionId,previewSections,setActiveSectionId,useEffect
130	effect	1770	1778	9		activeSectionTimerRef,examData,flushActiveSectionTime,isReviewMode,isSubmitted,resetActiveSectionTimer,timedSectionId	activeSectionTimerRef,examData,flushActiveSectionTime,isReviewMode,isSubmitted,mode,resetActiveSectionTimer,timedSectionId,useEffect
131	function	1780	1782	3	markSyncSaved	setSyncState	setSyncState
132	function	1784	1786	3	markSyncError	setSyncState	setSyncState
133	function	1788	1791	4	resetWallClockTimer	timerBaseSpentSecondsRef,timerBaseStartedAtMsRef	Date,Math,timerBaseSpentSecondsRef,timerBaseStartedAtMsRef
134	function	1793	1800	8	wallClockTimeSpentSeconds	examData,timerBaseSpentSecondsRef,timerBaseStartedAtMsRef	Date,Math,examData,mode,timerBaseSpentSecondsRef,timerBaseStartedAtMsRef
135	function	1802	1810	9	currentTimeSpentSeconds	isStrictListeningExam,strictListeningElapsedSeconds,timeLeft,wallClockTimeSpentSeconds	Math,isStrictListeningExam,mode,strictListeningElapsedSeconds,timeLeft,wallClockTimeSpentSeconds
136	function	1812	1829	18	flushActiveSectionTime	activeSectionTimerRef,isReviewMode,sectionTimeSpentSecondsRef	Date,Math,activeSectionTimerRef,isReviewMode,mode,sectionTimeSpentSecondsRef
137	function	1831	1834	4	resetActiveSectionTimer	activeSectionTimerRef,flushActiveSectionTime	Date,activeSectionTimerRef,flushActiveSectionTime
138	function	1836	1850	15	refreshLatestProgressSnapshot	activeQuestionId,currentTimeSpentSeconds,flushActiveSectionTime,fontScale,latestProgressRef,sectionTimeSpentSecondsRef,splitRatio,textHighlights,theme	activeQuestionId,currentTimeSpentSeconds,flushActiveSectionTime,fontScale,latestProgressRef,sectionTimeSpentSecondsRef,splitRatio,textHighlights,theme
139	effect	1852	1854	3		activeQuestionId,examData,fontScale,isStrictListeningExam,refreshLatestProgressSnapshot,splitRatio,strictListeningElapsedSeconds,textHighlights,theme,timeLeft,timedSectionId	activeQuestionId,examData,fontScale,isStrictListeningExam,mode,refreshLatestProgressSnapshot,splitRatio,strictListeningElapsedSeconds,textHighlights,theme,timeLeft,timedSectionId,useEffect
140	effect	1856	1858	3		answers,latestAnswersRef	answers,latestAnswersRef,useEffect
141	effect	1860	1865	6		activeQuestionId,answers,examData,fontScale,isReviewMode,isSubmitted,splitRatio,textHighlights,theme,timeLeft,timedSectionId,writeAttemptBackup	activeQuestionId,answers,examData,fontScale,isReviewMode,isSubmitted,splitRatio,textHighlights,theme,timeLeft,timedSectionId,useEffect,writeAttemptBackup
142	effect	1867	1878	12		activeQuestionId,answers,examData,fontScale,isReviewMode,isSubmitted,splitRatio,textHighlights,theme,timeLeft,timedSectionId,writeAttemptBackup	activeQuestionId,answers,examData,fontScale,isReviewMode,isSubmitted,splitRatio,textHighlights,theme,timeLeft,timedSectionId,useEffect,window,writeAttemptBackup
143	function	1880	1911	32	persistProgressNow	accessToken,examData,isReviewMode,isSubmitted,latestProgressRef,markSyncError,markSyncSaved,refreshLatestProgressSnapshot,setSyncState	Error,JSON,accessToken,attemptApiBaseUrl,buildAttemptRequestHeaders,examData,fetchInternalUserApi,isReviewMode,isSubmitted,latestProgressRef,markSyncError,markSyncSaved,refreshLatestProgressSnapshot,setSyncState
144	function	1913	1925	13	queueProgressPersist	examData,isReviewMode,isSubmitted,persistProgressNow,progressSaveTimerRef,setSyncState	examData,isReviewMode,isSubmitted,persistProgressNow,progressSaveTimerRef,setSyncState,window
145	function	1927	1968	42	flushPendingAnswerSaves	accessToken,examData,isReviewMode,markSyncError,markSyncSaved,pendingAnswerValuesRef,saveTimersRef	Error,JSON,Object,Promise,accessToken,attemptApiBaseUrl,buildAttemptRequestHeaders,examData,fetchInternalUserApi,isReviewMode,markSyncError,markSyncSaved,pendingAnswerValuesRef,saveTimersRef,window
146	function	1970	1976	7	flushPendingProgressSave	persistProgressNow,progressSaveTimerRef	persistProgressNow,progressSaveTimerRef,window
147	function	1978	1982	5	waitForNextPaint		Promise,window
148	effect	1984	1989	6		activeQuestionId,examData,fontScale,isReviewMode,isSubmitted,queueProgressPersist,splitRatio,textHighlights,theme,timedSectionId	activeQuestionId,examData,fontScale,isReviewMode,isSubmitted,queueProgressPersist,splitRatio,textHighlights,theme,timedSectionId,useEffect
149	effect	1991	2003	13		examData,isReviewMode,isSubmitted,persistProgressNow	examData,isReviewMode,isSubmitted,persistProgressNow,useEffect,window
150	effect	2005	2014	10		progressSaveTimerRef,saveTimersRef	Object,progressSaveTimerRef,saveTimersRef,useEffect,window
151	function	2016	2021	6	updateTheme	setTheme	document,localStorage,setTheme
152	function	2023	2030	8	handleSubmit	isReviewMode,isSubmitted,submitAttempt,unansweredCount,updateActiveDialog	isReviewMode,isSubmitted,submitAttempt,unansweredCount,updateActiveDialog
153	function	2032	2044	13	dismissActiveDialogFromBackdrop	activeDialog,fullscreenDialogStage,recoverFullscreen,setFullscreenDialogStage,updateActiveDialog	activeDialog,fullscreenDialogStage,recoverFullscreen,setFullscreenDialogStage,updateActiveDialog
154	function	2046	2095	50	persistAnswer	accessToken,examData,isReviewMode,latestAnswersRef,markSyncError,markSyncSaved,pendingAnswerValuesRef,saveTimersRef,setActiveQuestionId,setAnswers,setShowGuestLoginModal,setSyncState	Error,JSON,accessToken,attemptApiBaseUrl,buildAttemptRequestHeaders,examData,fetchInternalUserApi,isReviewMode,latestAnswersRef,markSyncError,markSyncSaved,mode,pendingAnswerValuesRef,saveTimersRef,setActiveQuestionId,setAnswers,setShowGuestLoginModal,setSyncState,window
155	function	2097	2138	42	submitAttempt	accessToken,allowLeaveRef,clearAttemptBackup,examData,flushPendingAnswerSaves,flushPendingProgressSave,isSubmitting,router,setFullscreenDialogStage,setFullscreenExitCountdown,setIsCalculatingResults,setIsSubmitted,setIsSubmitting,updateActiveDialog,waitForNextPaint	Error,JSON,Promise,SubmitReason,accessToken,allowLeaveRef,attemptApiBaseUrl,buildAttemptRequestHeaders,clearAttemptBackup,document,emitNotificationRefresh,examData,fetchInternalUserApi,flushPendingAnswerSaves,flushPendingProgressSave,isSubmitting,router,setFullscreenDialogStage,setFullscreenExitCountdown,setIsCalculatingResults,setIsSubmitted,setIsSubmitting,undefined,updateActiveDialog,waitForNextPaint,window
156	function	2140	2158	19	updateStrictListeningTimeSnapshot	initialTimeSpentSeconds,isStrictListeningExam,setStrictListeningElapsedSeconds,strictListeningCompletedAudioRef,strictListeningPhase,strictListeningTransferLeft	LISTENING_TRANSFER_SECONDS,Math,Number,Object,initialTimeSpentSeconds,isStrictListeningExam,setStrictListeningElapsedSeconds,strictListeningCompletedAudioRef,strictListeningPhase,strictListeningTransferLeft
157	function	2160	2182	23	handleStrictListeningAudioEnded	isStrictListeningExam,previewSections,setStrictListeningAudioSectionId,setStrictListeningIsPlaying,setStrictListeningPhase,setStrictListeningTransferLeft,strictListeningCompletedAudioRef	LISTENING_TRANSFER_SECONDS,Math,Number,isStrictListeningExam,previewSections,setStrictListeningAudioSectionId,setStrictListeningIsPlaying,setStrictListeningPhase,setStrictListeningTransferLeft,strictListeningCompletedAudioRef
158	function	2184	2196	13	startStrictListeningAudio	listeningAudioRef,setStrictListeningPlaybackBlocked	listeningAudioRef,setStrictListeningPlaybackBlocked
159	function	2198	2205	8	confirmSubmit	examData,setIsSubmitted,submitAttempt,updateActiveDialog	examData,setIsSubmitted,submitAttempt,updateActiveDialog
160	function	2207	2214	8	recoverFullscreen	setFullscreenDialogStage,setFullscreenExitCountdown,updateActiveDialog	document,setFullscreenDialogStage,setFullscreenExitCountdown,updateActiveDialog
161	function	2216	2224	9	confirmFullscreenExit	ignoreNextFullscreenExitRef,submitAttempt	document,ignoreNextFullscreenExitRef,submitAttempt
162	function	2226	2237	12	selectSection	previewSections,questionPaneRef,readingPaneRef,setActiveQuestionId,setActiveSectionId,setShowPassageQuestionNav	previewSections,questionPaneRef,readingPaneRef,setActiveQuestionId,setActiveSectionId,setShowPassageQuestionNav
163	function	2239	2264	26	navigateToQuestion	examData,questionPaneRef,setActiveQuestionId,setActiveSectionId,setShowPassageQuestionNav	HTMLElement,document,examData,findSectionIdForQuestion,questionPaneRef,setActiveQuestionId,setActiveSectionId,setShowPassageQuestionNav,window
164	function	2266	2280	15	toggleFullscreen	isExamMode,isFullscreen,isReviewMode,isSubmitted,setFullscreenDialogStage,updateActiveDialog	document,isExamMode,isFullscreen,isReviewMode,isSubmitted,setFullscreenDialogStage,updateActiveDialog
165	derived	2282	2284	3	headerControlClass		cn
166	effect	2286	2316	31		containerRef,isDraggingSplit,setIsDraggingSplit,setSplitRatio	Math,Number,PointerEvent,containerRef,document,isDraggingSplit,setIsDraggingSplit,setSplitRatio,useEffect,window
167	effect	2318	2366	49		allowLeaveRef,isReviewMode,isSubmitted,updateActiveDialog	BeforeUnloadEvent,KeyboardEvent,allowLeaveRef,isReviewMode,isSubmitted,updateActiveDialog,useEffect,window
168	function	2368	2389	22	confirmLeave	allowLeaveRef,examData,flushPendingAnswerSaves,flushPendingProgressSave,isSubmitted,markSyncError,router,updateActiveDialog,writeAttemptBackup	Date,allowLeaveRef,document,examData,flushPendingAnswerSaves,flushPendingProgressSave,isSubmitted,markSyncError,router,undefined,updateActiveDialog,writeAttemptBackup
169	function	2391	2394	4	startSplitDrag	setIsDraggingSplit	HTMLButtonElement,ReactPointerEvent,setIsDraggingSplit
170	function	2396	2399	4	clearSelection	setSelectionToolbar	setSelectionToolbar,window
171	function	2401	2404	4	hasActiveSelection		Boolean,window
172	function	2406	2408	3	getTextOffsets		HTMLElement,Range,getHighlightTextOffsets
173	function	2410	2443	34	handleTextBlockMouseUp	getTextOffsets,setSelectionToolbar,textBlockRefs	HTMLElement,ReactMouseEvent,getTextOffsets,setSelectionToolbar,textBlockRefs,window
174	function	2445	2459	15	normalizeHighlights		Math,TextHighlight
175	function	2461	2482	22	applyHighlight	clearSelection,normalizeHighlights,selectionToolbar,setTextHighlights	Date,clearSelection,normalizeHighlights,selectionToolbar,setTextHighlights
176	function	2484	2501	18	clearHighlight	clearSelection,selectionToolbar,setTextHighlights	clearSelection,selectionToolbar,setTextHighlights
177	function	2503	2509	7	startHeadingDrag	setDraggingHeading	setDraggingHeading
178	function	2511	2523	13	resolveHeadingDropTarget		HTMLElement,document
179	function	2525	2533	9	isHeadingBankDropTarget		HTMLElement,document
180	function	2535	2547	13	resolveWordBankDropTarget		HTMLElement,document
181	function	2549	2557	9	isWordBankBankDropTarget		HTMLElement,document
182	function	2559	2640	82	beginHeadingPointerDrag	headingDragStateRef,isHeadingBankDropTarget,persistAnswer,resolveHeadingDropTarget,setActiveQuestionId,setDragOverHeadingBankGroupId,setDragOverQuestionId,setDragPreviewPosition,setDraggingHeading,startHeadingDrag	HTMLElement,Math,PointerEvent,ReactPointerEvent,document,groupId,headingDragStateRef,isHeadingBankDropTarget,persistAnswer,resolveHeadingDropTarget,setActiveQuestionId,setDragOverHeadingBankGroupId,setDragOverQuestionId,setDragPreviewPosition,setDraggingHeading,sourceQuestionId,startHeadingDrag,value,window
183	function	2642	2721	80	beginWordBankPointerDrag	isWordBankBankDropTarget,persistAnswer,resolveWordBankDropTarget,setActiveQuestionId,setDragOverWordBankGroupId,setDragOverWordBankQuestionId,setDragPreviewPosition,setDraggingWordBank	HTMLElement,Math,PointerEvent,ReactPointerEvent,document,groupId,isWordBankBankDropTarget,persistAnswer,previewLabel,resolveWordBankDropTarget,setActiveQuestionId,setDragOverWordBankGroupId,setDragOverWordBankQuestionId,setDragPreviewPosition,setDraggingWordBank,sourceQuestionId,value,window
184	function	2723	2932	210	renderHighlightedText	explanationHighlightQuote,reviewQuoteList,textHighlights,theme	Array,Math,ReactNode,RegExp,Set,br,cn,em,explanationHighlightQuote,parseBraceBoldText,reviewQuoteList,span,strong,textHighlights,theme
185	function	2934	2936	3	renderFormattedText	renderHighlightedText	renderHighlightedText
186	function	2938	2969	32	renderInstructionText	handleTextBlockMouseUp,renderHighlightedText,textBlockRefs	div,handleTextBlockMouseUp,parseBinaryInstructionLayout,renderHighlightedText,softenInstructionText,span,strong,textBlockRefs
187	effect	2971	2985	15		setSelectionToolbar	HTMLElement,MouseEvent,document,setSelectionToolbar,useEffect
188	effect	2987	2991	5		saveTimersRef	Object,saveTimersRef,useEffect,window
189	function	2993	3009	17	optionBankWidthForGroup		Math,PreviewGroup,shouldAutoLetterMatchingOptions,typedOptionLines,typedOptionView
190	function	3011	3023	13	optionPanelTitleForGroup		PreviewGroup
191	function	3025	3253	229	renderOptionBank	answers,beginHeadingPointerDrag,beginWordBankPointerDrag,dragOverHeadingBankGroupId,dragOverWordBankGroupId,draggingHeading,draggingWordBank,examData,handleTextBlockMouseUp,matchingHeadingExamples,optionBankWidthForGroup,optionPanelTitleForGroup,renderFormattedText,renderHighlightedText,textBlockRefs	Boolean,GripVertical,PreviewGroup,Set,String,answers,beginHeadingPointerDrag,beginWordBankPointerDrag,cn,div,dragOverHeadingBankGroupId,dragOverWordBankGroupId,draggingHeading,draggingWordBank,examData,groupId,groupUsesOptionBank,handleTextBlockMouseUp,label,matchingHeadingExamples,normalizeHeadingComparableValue,normalizeMatchingAnswerValue,optionBankWidthForGroup,optionPanelTitleForGroup,p,prefix,renderFormattedText,renderHighlightedText,shouldAutoLetterMatchingOptions,span,textBlockRefs,typedOptionLines,typedOptionView,typedQuestionOptionLines,undefined
192	function	3255	3271	17	renderDiagramBlock		PreviewGroup,div,img
193	function	3273	3369	97	renderGroupQuestionList	activeQuestionId,bodyFontSize,handleTextBlockMouseUp,renderFlowChartCompletionGroup,renderHighlightedText,renderInlineCompletionGroup,renderQuestionControl,setActiveQuestionId,textBlockRefs	PreviewGroup,String,activeQuestionId,bodyFontSize,cn,div,handleTextBlockMouseUp,hasFlowChartSeparators,isMatching,isMcqMultiple,isTfng,isYnng,p,renderFlowChartCompletionGroup,renderHighlightedText,renderInlineCompletionGroup,renderQuestionControl,setActiveQuestionId,softenInstructionText,span,textBlockRefs,usesBracketCompletionLayout
194	function	3371	3383	13	renderCustomGroupTitle	renderFormattedText	PreviewGroup,div,h2,renderFormattedText,shouldRenderCustomGroupTitle
195	function	3385	3483	99	renderMatchingHeadingDropArea	activeQuestionId,answers,beginHeadingPointerDrag,dragOverQuestionId,draggingHeading,headingOptionLookup,matchingHeadingExamples,matchingHeadingTargets,renderFormattedText,setActiveQuestionId,theme	Boolean,GripVertical,PreviewParagraph,activeQuestionId,answers,beginHeadingPointerDrag,cn,div,dragOverQuestionId,draggingHeading,headingOptionLookup,matchingHeadingExamples,matchingHeadingTargets,normalizeHeadingComparableValue,renderFormattedText,setActiveQuestionId,span,theme,typedOptionLines,typedOptionView
196	function	3485	3558	74	renderCompletionAnswer	activeInputClass,activeQuestionId,answerNumberBadgeClassName,answers,beginWordBankPointerDrag,dragOverWordBankQuestionId,inlineAnswerFieldClassName,inlineAnswerPlaceholderClassName,inputFocusClass,persistAnswer,setActiveQuestionId,theme	Input,PreviewGroup,PreviewQuestion,String,activeInputClass,activeQuestionId,answerNumberBadgeClassName,answers,beginWordBankPointerDrag,button,cn,dragOverWordBankQuestionId,inlineAnswerFieldClassName,inlineAnswerPlaceholderClassName,inlineAnswerWidth,inputFocusClass,isWordBankCompletion,persistAnswer,setActiveQuestionId,span,theme
197	function	3560	3612	53	renderFlowChartCompletionGroup	bodyFontSize,handleTextBlockMouseUp,renderCompletionAnswer,renderHighlightedText,textBlockRefs	ArrowDown,Boolean,PreviewGroup,bodyFontSize,div,handleTextBlockMouseUp,renderCompletionAnswer,renderHighlightedText,span,textBlockRefs
198	function	3614	3706	93	renderInlineCompletionGroup	bodyFontSize,handleTextBlockMouseUp,renderCompletionAnswer,renderHighlightedText,textBlockRefs	PreviewGroup,bodyFontSize,cn,div,handleTextBlockMouseUp,parseCompletionTableLayout,renderCompletionAnswer,renderHighlightedText,span,table,tbody,textBlockRefs,tr
199	function	3708	3758	51	renderReviewExplanation	reviewItems,setExplanationHighlightQuote	Boolean,Highlighter,Lightbulb,NonNullable,div,p,reviewItems,setExplanationHighlightQuote,span
200	function	3760	4290	531	renderQuestionControl	activeInputClass,activeQuestionId,answers,bodyFontSize,handleTextBlockMouseUp,hasActiveSelection,inlineRowControlClassName,inputFocusClass,isReviewMode,matchingInformationParagraphOptions,persistAnswer,renderHighlightedText,renderReviewExplanation,reviewItems,setActiveQuestionId,textBlockRefs,theme	Boolean,Check,ChevronDown,Input,PreviewGroup,PreviewQuestion,String,activeInputClass,activeQuestionId,answers,bodyFontSize,button,cn,div,formatMatchingAnswerForReview,handleTextBlockMouseUp,hasActiveSelection,hasMultiValue,inlineRowControlClassName,inputFocusClass,isCompletion,isMatching,isMcq,isMcqMultiple,isPlanMapLabeling,isReviewMode,isTfng,isWordBankCompletion,isYnng,matchingInformationParagraphOptions,mcMultipleQuestionWeight,normalizeMatchingAnswerValue,normalizeOptionList,optionText,p,persistAnswer,renderHighlightedText,renderReviewExplanation,reviewItems,select,setActiveQuestionId,shouldAutoLetterMatchingOptions,span,splitOptionLines,textBlockRefs,theme,toggleMultiValue,typedOptionView,typedQuestionOptionLines,undefined
201	return	4292	5264	973		activeDialog,activeQuestionId,answers,applyHighlight,bodyFontSize,candidateName,clearHighlight,confirmFullscreenExit,confirmLeave,confirmSubmit,containerRef,currentAnsweredCount,currentParagraphs,currentQuestionGroups,currentQuestions,currentSection,currentTotalQuestions,currentTranscriptQuestionLocations,currentTranscriptSegments,dismissActiveDialogFromBackdrop,dragPreviewPosition,draggingHeading,draggingWordBank,examData,examToneStyle,fontScale,fullscreenDialogStage,fullscreenExitCountdown,handlePaneWheel,handleStrictListeningAudioEnded,handleSubmit,handleTextBlockMouseUp,headerControlClass,headingOptionLookup,isAttemptPreview,isCalculatingResults,isDraggingSplit,isFullscreen,isLastFiveMinutes,isLastMinute,isListeningPreview,isReviewMode,isSinglePaneListeningMode,isStrictListeningExam,isSubmitted,isSubmitting,layoutStyle,listeningAudioRef,navigateToQuestion,optionBankWidthForGroup,previewSections,questionPaneRef,readingPaneRef,recoverFullscreen,renderCustomGroupTitle,renderDiagramBlock,renderFormattedText,renderGroupQuestionList,renderHighlightedText,renderInstructionText,renderMatchingHeadingDropArea,renderOptionBank,router,selectSection,selectionToolbar,setFontScale,setFullscreenDialogStage,setShowGuestLoginModal,setShowListeningTranscript,setShowTranscriptAnswerLocations,setStrictListeningIsPlaying,setStrictListeningPhase,setStrictListeningPlaybackBlocked,showGuestLoginModal,showListeningTranscript,showPassageQuestionNav,showStrictListeningTransferTimer,showTranscriptAnswerLocations,splitRatio,startSplitDrag,startStrictListeningAudio,strictListeningAudioSection,strictListeningAutoPlayDelayMs,strictListeningIsPlaying,strictListeningPlaybackBlocked,strictListeningTimerDisplay,submitAttempt,submitDisabled,syncState,textBlockRefs,theme,timerDisplay,toggleFullscreen,unansweredCount,updateActiveDialog,updateStrictListeningTimeSnapshot,updateTheme	Badge,Button,Check,CheckCircle2,Eraser,Expand,GripVertical,Highlighter,Lightbulb,ListeningTranscriptPanel,ListeningWaveformPlayer,LogIn,Math,Minus,Moon,MoveHorizontal,Number,Plus,Radio,SendHorizontal,Shrink,String,SunMedium,activeDialog,activeQuestionId,answeredQuestionWeight,answers,applyHighlight,article,audio,bodyFontSize,button,candidateName,clearHighlight,cn,confirmFullscreenExit,confirmLeave,confirmSubmit,containerRef,currentAnsweredCount,currentParagraphs,currentQuestionGroups,currentQuestions,currentSection,currentTotalQuestions,currentTranscriptQuestionLocations,currentTranscriptSegments,dismissActiveDialogFromBackdrop,div,dragPreviewPosition,draggingHeading,draggingWordBank,encodeURIComponent,examData,examToneStyle,fontScale,footer,fullscreenDialogStage,fullscreenExitCountdown,h1,h2,h3,handlePaneWheel,handleStrictListeningAudioEnded,handleSubmit,handleTextBlockMouseUp,header,headerControlClass,headingOptionLookup,img,isAttemptPreview,isCalculatingResults,isDraggingSplit,isFullscreen,isLastFiveMinutes,isLastMinute,isListeningPreview,isMcqMultiple,isQuestionFullyAnswered,isReviewMode,isSinglePaneListeningMode,isStrictListeningExam,isSubmitted,isSubmitting,layoutStyle,listeningAudioRef,main,mcMultipleQuestionWeight,navigateToQuestion,optionBankWidthForGroup,p,parseBinaryInstructionLayout,parsePassageBlockStyle,path,previewSections,questionPaneRef,questionRangeLabelForGroup,readingPaneRef,recoverFullscreen,renderCustomGroupTitle,renderDiagramBlock,renderFormattedText,renderGroupQuestionList,renderHighlightedText,renderInstructionText,renderMatchingHeadingDropArea,renderOptionBank,router,sectionKeyForParagraph,selectSection,selectionToolbar,setFontScale,setFullscreenDialogStage,setShowGuestLoginModal,setShowListeningTranscript,setShowTranscriptAnswerLocations,setStrictListeningIsPlaying,setStrictListeningPhase,setStrictListeningPlaybackBlocked,showGuestLoginModal,showListeningTranscript,showPassageQuestionNav,showStrictListeningTransferTimer,showTranscriptAnswerLocations,softenInstructionText,span,splitRatio,startSplitDrag,startStrictListeningAudio,strictListeningAudioSection,strictListeningAutoPlayDelayMs,strictListeningIsPlaying,strictListeningPlaybackBlocked,strictListeningTimerDisplay,submitAttempt,submitDisabled,svg,syncState,textBlockRefs,theme,timerDisplay,toggleFullscreen,unansweredCount,updateActiveDialog,updateStrictListeningTimeSnapshot,updateTheme

ROOT_JSX
index	start	end	lines	kind	refs
1	4300	4339	40	JsxExpression	GripVertical,div,dragPreviewPosition,draggingHeading,draggingWordBank,headingOptionLookup,span
2	4341	4371	31	JsxExpression	Eraser,Highlighter,applyHighlight,button,clearHighlight,cn,div,selectionToolbar,theme
3	4373	4380	8	JsxExpression	div,isCalculatingResults,p
4	4382	4527	146	JsxExpression	Badge,Button,activeDialog,cn,confirmFullscreenExit,confirmLeave,confirmSubmit,dismissActiveDialogFromBackdrop,div,fullscreenDialogStage,fullscreenExitCountdown,h3,p,recoverFullscreen,setFullscreenDialogStage,submitAttempt,unansweredCount,updateActiveDialog
5	4529	4575	47	JsxExpression	Button,LogIn,div,encodeURIComponent,examData,h3,p,router,setShowGuestLoginModal,showGuestLoginModal
6	4577	4793	217	JsxElement	Button,CheckCircle2,Expand,ListeningWaveformPlayer,Math,Minus,Moon,Number,Plus,Radio,SendHorizontal,Shrink,SunMedium,button,candidateName,cn,currentSection,div,fontScale,handleStrictListeningAudioEnded,handleSubmit,header,headerControlClass,img,isFullscreen,isLastFiveMinutes,isLastMinute,isReviewMode,isSinglePaneListeningMode,isStrictListeningExam,isSubmitted,isSubmitting,listeningAudioRef,p,path,setFontScale,setStrictListeningIsPlaying,setStrictListeningPhase,setStrictListeningPlaybackBlocked,showStrictListeningTransferTimer,span,startStrictListeningAudio,strictListeningAudioSection,strictListeningAutoPlayDelayMs,strictListeningIsPlaying,strictListeningPlaybackBlocked,strictListeningTimerDisplay,submitDisabled,svg,syncState,theme,timerDisplay,toggleFullscreen,updateActiveDialog,updateStrictListeningTimeSnapshot,updateTheme
7	4795	5092	298	JsxElement	Button,Lightbulb,ListeningTranscriptPanel,Math,MoveHorizontal,article,audio,bodyFontSize,button,cn,containerRef,currentParagraphs,currentQuestionGroups,currentSection,currentTranscriptQuestionLocations,currentTranscriptSegments,div,examData,h1,h2,handlePaneWheel,handleTextBlockMouseUp,isAttemptPreview,isDraggingSplit,isListeningPreview,isReviewMode,isSinglePaneListeningMode,layoutStyle,listeningAudioRef,main,optionBankWidthForGroup,p,parseBinaryInstructionLayout,parsePassageBlockStyle,questionPaneRef,questionRangeLabelForGroup,readingPaneRef,renderCustomGroupTitle,renderDiagramBlock,renderFormattedText,renderGroupQuestionList,renderHighlightedText,renderInstructionText,renderMatchingHeadingDropArea,renderOptionBank,section,sectionKeyForParagraph,setShowListeningTranscript,setShowTranscriptAnswerLocations,showListeningTranscript,showTranscriptAnswerLocations,softenInstructionText,span,splitRatio,startSplitDrag,textBlockRefs,theme
8	5094	5262	169	JsxElement	Check,String,activeQuestionId,answeredQuestionWeight,answers,button,cn,currentAnsweredCount,currentQuestions,currentSection,currentTotalQuestions,div,examData,footer,isMcqMultiple,isQuestionFullyAnswered,mcMultipleQuestionWeight,navigateToQuestion,previewSections,selectSection,showPassageQuestionNav,span
