file	frontend/app/(app)/writing/submissions/[submissionId]/result/result-client.tsx
component	WritingResultClient
start	955
end	1878

index	kind	start	end	lines	names	local_refs	all_refs
1	derived	961	966	6	initialStage		LoadingStage,String,initialResult,initialStatus,useMemo
2	derived	968	968	1	stage,setStage	initialStage	LoadingStage,initialStage,useState
3	derived	969	969	1	result,setResult		WritingSubmissionResult,initialResult,useState
4	derived	970	970	1	errorMessage,setErrorMessage		initialErrorMessage,useState
5	derived	971	971	1	activeAnnotation,setActiveAnnotation		useState
6	derived	972	972	1	activeVersion,setActiveVersion		useState
7	state	973	973	1	activeStep,setActiveStep		useState
8	state	974	974	1	sseAvailable,setSseAvailable		useState
9	state	975	975	1	retrying,setRetrying		useState
10	state	976	976	1	desiredScore,setDesiredScore		useState
11	derived	977	977	1	copiedAnnotation,setCopiedAnnotation		useState
12	derived	978	978	1	annotatedRef		HTMLDivElement,useRef
13	effect	980	988	9		setDesiredScore	Math,Number,parseFloat,setDesiredScore,useEffect,window
14	effect	990	1001	12		activeStep,setActiveStep,stage	GRADING_STEPS,Math,STEP_ADVANCE_MS,activeStep,clearTimeout,setActiveStep,setTimeout,stage,useEffect
15	effect	1003	1059	57		errorMessage,setActiveStep,setErrorMessage,setResult,setSseAvailable,setStage,sseAvailable,stage	Error,EventSource,GRADING_STEPS,JSON,Math,String,errorMessage,fetchWritingSubmissionResult,setActiveStep,setErrorMessage,setResult,setSseAvailable,setStage,sseAvailable,stage,stepIndex,submissionId,useEffect,window
16	effect	1061	1102	42		setActiveStep,setErrorMessage,setResult,setStage,sseAvailable,stage	GRADING_STEPS,ReturnType,String,clearTimeout,fetchWritingSubmissionResult,pollWritingSubmission,setActiveStep,setErrorMessage,setResult,setStage,setTimeout,sseAvailable,stage,submissionId,useEffect
17	memo	1104	1107	4	annotations	result	result,useMemo
18	memo	1108	1111	4	segments	annotations,result	annotations,buildAnnotatedSegments,result,useMemo
19	effect	1113	1123	11		activeAnnotation,annotatedRef	HTMLElement,activeAnnotation,annotatedRef,useEffect
20	derived	1125	1141	17	handleRetry	retrying,setActiveStep,setErrorMessage,setResult,setRetrying,setSseAvailable,setStage	Error,retryWritingSubmission,retrying,setActiveStep,setErrorMessage,setResult,setRetrying,setSseAvailable,setStage,submissionId
21	derived	1143	1150	8	copyText	setCopiedAnnotation	navigator,setCopiedAnnotation,window
22	guard	1152	1158	7		errorMessage,handleRetry,retrying,stage	FailedScreen,div,errorMessage,handleRetry,retrying,stage
23	guard	1160	1166	7		activeStep,result,stage	GradingScreen,activeStep,div,result,stage
24	derived	1168	1168	1	overall	result	result,toBandNumber
25	derived	1169	1169	1	storedDesiredScore	desiredScore	desiredScore
26	derived	1170	1172	3	resultDesiredScore	result	result,toBandNumber,undefined
27	derived	1173	1173	1	effectiveDesiredScore	resultDesiredScore,storedDesiredScore	resultDesiredScore,storedDesiredScore
28	derived	1174	1176	3	potential	result	result,toBandNumber,undefined
29	derived	1177	1177	1	overallTone	overall	bandTone,overall
30	derived	1179	1179	1	wordPenalty	result	result,toBandNumber
31	derived	1180	1180	1	errorCount	annotations	annotations
32	derived	1181	1181	1	focusedAnnotationIndex	activeAnnotation	activeAnnotation
33	derived	1182	1182	1	activeAnno	annotations,focusedAnnotationIndex	annotations,focusedAnnotationIndex
34	derived	1183	1185	3	activeAnnoSentencePreview	activeAnno,result	activeAnno,buildAnnotationSentencePreview,result
35	derived	1186	1189	4	hasImprovedTextChanges	result	Boolean,normalizedEssayText,result
36	derived	1190	1190	1	taskBadgeLabel	result	result
37	derived	1191	1191	1	delta	overall,potential	overall,potential
38	derived	1192	1192	1	criterionInsights	result	buildCriterionInsights,result
39	derived	1193	1193	1	strongestCriterion	criterionInsights	criterionInsights
40	derived	1194	1194	1	weakestCriterion	criterionInsights	criterionInsights
41	derived	1195	1195	1	vocabularySuggestions	result	result
42	derived	1196	1196	1	checklist	result	result
43	derived	1197	1197	1	errorPatterns	result	result
44	derived	1198	1198	1	selectedBenchmarks	result	result
45	derived	1199	1199	1	confidence	result	result
46	derived	1200	1200	1	possibleScoreRange	overall,result	overall,result
47	derived	1201	1209	9	targetActions	annotations,checklist,effectiveDesiredScore,errorPatterns,overall,result	annotations,checklist,effectiveDesiredScore,errorPatterns,getTargetBandActions,overall,result
48	return	1211	1877	667		activeAnno,activeAnnoSentencePreview,activeAnnotation,activeVersion,annotatedRef,annotations,confidence,copiedAnnotation,copyText,delta,effectiveDesiredScore,errorCount,focusedAnnotationIndex,hasImprovedTextChanges,overall,overallTone,possibleScoreRange,potential,result,segments,selectedBenchmarks,setActiveAnnotation,setActiveVersion,strongestCriterion,targetActions,taskBadgeLabel,vocabularySuggestions,weakestCriterion,wordPenalty	AlertTriangle,ArrowRight,ArrowUpRight,Badge,Button,CATEGORY_STYLE,Card,CardContent,CardHeader,CardTitle,CheckCircle2,ClipboardList,Clock3,Copy,CriterionCard,FeedbackPanel,FileText,Flame,ImprovedDiffView,Link,Number,Object,PenSquare,ScoreGauge,ShieldCheck,Sparkles,StatTile,TargetActionPlanPanel,Trophy,VocabularySuggestionCard,activeAnno,activeAnnoSentencePreview,activeAnnotation,activeVersion,annotatedRef,annotations,buildAnnotationTooltip,button,categoryStyle,cn,confidence,copiedAnnotation,copyText,delta,div,effectiveDesiredScore,errorCount,focusedAnnotationIndex,formatDate,formatDuration,hasImprovedTextChanges,li,mark,overall,overallTone,p,possibleScoreRange,potential,result,segments,selectedBenchmarks,setActiveAnnotation,setActiveVersion,span,strongestCriterion,table,targetActions,taskBadgeLabel,tbody,td,th,thead,toBandNumber,tr,ul,undefined,vocabularySuggestions,weakestCriterion,wordPenalty,xpNumber

ROOT_JSX
index	start	end	lines	kind	refs
1	1213	1237	25	JsxElement	ArrowRight,Badge,Button,Card,CardHeader,CardTitle,Link,div,formatDate,p,result,taskBadgeLabel
2	1239	1360	122	JsxElement	AlertTriangle,ArrowUpRight,Card,CardContent,CheckCircle2,ClipboardList,Clock3,FileText,Flame,ScoreGauge,Sparkles,StatTile,Trophy,cn,delta,div,errorCount,formatDuration,overall,overallTone,potential,result,span,taskBadgeLabel,undefined,wordPenalty,xpNumber
3	1362	1397	36	JsxElement	Badge,Card,CardContent,CardHeader,CardTitle,Number,ShieldCheck,confidence,div,p,possibleScoreRange,selectedBenchmarks
4	1399	1404	6	JsxElement	CriterionCard,div,result
5	1406	1411	6	JsxSelfClosingElement	TargetActionPlanPanel,effectiveDesiredScore,overall,result,targetActions
6	1413	1701	289	JsxElement	CATEGORY_STYLE,Card,CardContent,CardHeader,CardTitle,Copy,Object,Sparkles,activeAnno,activeAnnoSentencePreview,activeAnnotation,annotatedRef,annotations,buildAnnotationTooltip,button,categoryStyle,cn,copiedAnnotation,copyText,div,errorCount,focusedAnnotationIndex,mark,p,segments,setActiveAnnotation,span,table,tbody,td,th,thead,tr
7	1703	1759	57	JsxExpression	Card,CardContent,CardHeader,CardTitle,ImprovedDiffView,activeVersion,button,cn,delta,div,hasImprovedTextChanges,p,potential,result,setActiveVersion,span
8	1761	1830	70	JsxExpression	ArrowRight,Card,CardContent,CardHeader,CardTitle,Sparkles,div,li,p,result,span,strongestCriterion,ul,weakestCriterion
9	1832	1854	23	JsxExpression	Card,CardContent,CardHeader,CardTitle,Sparkles,VocabularySuggestionCard,div,p,vocabularySuggestions
10	1856	1864	9	JsxExpression	FeedbackPanel,result,toBandNumber
11	1866	1875	10	JsxElement	Button,Link,PenSquare,div
