file	index	kind	names	start	end	lines	exported	default
admin/components/test-editor-wizard.tsx	1	ExpressionStatement		1	1	1	false	false
admin/components/test-editor-wizard.tsx	2	ImportDeclaration	useEffect,useMemo,useRef,useState,ReactClipboardEvent,CSSProperties,ReactDragEvent,ReactPointerEvent,ReactNode	3	3	1	false	false
admin/components/test-editor-wizard.tsx	3	ImportDeclaration	usePathname,useRouter	4	4	1	false	false
admin/components/test-editor-wizard.tsx	4	ImportDeclaration	ArrowDown	5	5	1	false	false
admin/components/test-editor-wizard.tsx	5	ImportDeclaration	Badge,Button,Card,CardContent,CardDescription,CardHeader,CardTitle,Input,Notice,ProgressBar,SectionHeader,Select,Textarea	7	7	1	false	false
admin/components/test-editor-wizard.tsx	6	ImportDeclaration	createEmptyDraft	8	8	1	false	false
admin/components/test-editor-wizard.tsx	7	ImportDeclaration	listeningQuestionTypes,readingQuestionTypes	9	9	1	false	false
admin/components/test-editor-wizard.tsx	8	ImportDeclaration	adminApi	10	10	1	false	false
admin/components/test-editor-wizard.tsx	9	ImportDeclaration	adminTestSourceOptions,normalizeAdminTestSourceDetail	11	11	1	false	false
admin/components/test-editor-wizard.tsx	10	ImportDeclaration	AdminDraftChecklistStatus,AdminTestDraftContentSection,AdminTestDraftQuestion,AdminTestDraftQuestionGroup,AdminTestDraftState,PreviewMode,WizardStepId	12	20	9	false	false
admin/components/test-editor-wizard.tsx	11	ImportDeclaration	cn	21	21	1	false	false
admin/components/test-editor-wizard.tsx	12	TypeAliasDeclaration	Props	24	28	5	false	false
admin/components/test-editor-wizard.tsx	13	TypeAliasDeclaration	TranscriptProgressState	30	35	6	false	false
admin/components/test-editor-wizard.tsx	14	FirstStatement	stepOrder	38	38	1	false	false
admin/components/test-editor-wizard.tsx	15	FirstStatement	defaultInstructions	40	70	31	false	false
admin/components/test-editor-wizard.tsx	16	FirstStatement	INLINE_BLANK_PLACEHOLDER	72	72	1	false	false
admin/components/test-editor-wizard.tsx	17	FunctionDeclaration	formatTranscriptTimestamp	74	78	5	false	false
admin/components/test-editor-wizard.tsx	18	FunctionDeclaration	formatElapsedDuration	80	85	6	false	false
admin/components/test-editor-wizard.tsx	19	FunctionDeclaration	buildTranscriptTextFromSegments	87	94	8	false	false
admin/components/test-editor-wizard.tsx	20	FunctionDeclaration	splitNonEmptyLines	96	101	6	false	false
admin/components/test-editor-wizard.tsx	21	FunctionDeclaration	expandMapOptionRangeLines	103	120	18	false	false
admin/components/test-editor-wizard.tsx	22	FunctionDeclaration	normalizeInlineBlankPlaceholders	122	124	3	false	false
admin/components/test-editor-wizard.tsx	23	FunctionDeclaration	stripGeneratedListeningIntroFromContent	126	135	10	false	false
admin/components/test-editor-wizard.tsx	24	FunctionDeclaration	extractMatchingOptionValue	137	141	5	false	false
admin/components/test-editor-wizard.tsx	25	FunctionDeclaration	stripMatchingOptionPrefix	143	145	3	false	false
admin/components/test-editor-wizard.tsx	26	FunctionDeclaration	normalizeMatchingPrefix	147	149	3	false	false
admin/components/test-editor-wizard.tsx	27	FunctionDeclaration	resolveChoiceAnswerText	151	179	29	false	false
admin/components/test-editor-wizard.tsx	28	FunctionDeclaration	createDraftId	181	187	7	false	false
admin/components/test-editor-wizard.tsx	29	FunctionDeclaration	getAudioFileDurationSeconds	189	212	24	false	false
admin/components/test-editor-wizard.tsx	30	FirstStatement	FULL_TEST_AUDIO_UPLOAD_ID	214	214	1	false	false
admin/components/test-editor-wizard.tsx	31	TypeAliasDeclaration	SharedListeningAudioMeta	216	219	4	false	false
admin/components/test-editor-wizard.tsx	32	FunctionDeclaration	detectSharedListeningAudioSections	221	237	17	false	false
admin/components/test-editor-wizard.tsx	33	FunctionDeclaration	createDraftContentSection	239	262	24	false	false
admin/components/test-editor-wizard.tsx	34	FunctionDeclaration	clipboardImageFileName	264	270	7	false	false
admin/components/test-editor-wizard.tsx	35	FunctionDeclaration	extractClipboardImageFile	272	293	22	false	false
admin/components/test-editor-wizard.tsx	36	FunctionDeclaration	alphabetLabelFromIndex	295	305	11	false	false
admin/components/test-editor-wizard.tsx	37	FunctionDeclaration	alphabetLabelToIndex	307	319	13	false	false
admin/components/test-editor-wizard.tsx	38	FunctionDeclaration	romanNumeralFromIndex	321	347	27	false	false
admin/components/test-editor-wizard.tsx	39	FunctionDeclaration	shouldAutoLetterMatchingOptions	349	351	3	false	false
admin/components/test-editor-wizard.tsx	40	FunctionDeclaration	getMatchingOptionPreview	353	387	35	false	false
admin/components/test-editor-wizard.tsx	41	TypeAliasDeclaration	PassageContentBlock	389	397	9	false	false
admin/components/test-editor-wizard.tsx	42	FunctionDeclaration	parsePassageBlockStyle	399	429	31	false	false
admin/components/test-editor-wizard.tsx	43	FunctionDeclaration	parsePassageContentBlocks	431	450	20	false	false
admin/components/test-editor-wizard.tsx	44	FunctionDeclaration	paragraphLabelsForSection	452	463	12	false	false
admin/components/test-editor-wizard.tsx	45	FunctionDeclaration	paragraphLabelFromPrompt	465	468	4	false	false
admin/components/test-editor-wizard.tsx	46	TypeAliasDeclaration	MatchingHeadingPreviewRow	470	479	10	false	false
admin/components/test-editor-wizard.tsx	47	FunctionDeclaration	normalizeMatchingHeadingAnswerLine	481	490	10	false	false
admin/components/test-editor-wizard.tsx	48	TypeAliasDeclaration	MatchingHeadingEntry	492	498	7	false	false
admin/components/test-editor-wizard.tsx	49	FunctionDeclaration	parseMatchingHeadingEntry	500	517	18	false	false
admin/components/test-editor-wizard.tsx	50	FunctionDeclaration	isFixedMatchingHeadingExample	519	521	3	false	false
admin/components/test-editor-wizard.tsx	51	FunctionDeclaration	analyzeMatchingHeadingsGroup	523	633	111	false	false
admin/components/test-editor-wizard.tsx	52	FunctionDeclaration	isQuestionConfigured	635	641	7	false	false
admin/components/test-editor-wizard.tsx	53	FunctionDeclaration	isBracketCompletionType	643	653	11	false	false
admin/components/test-editor-wizard.tsx	54	FunctionDeclaration	getCompletionQuestionBlockPlaceholder	655	673	19	false	false
admin/components/test-editor-wizard.tsx	55	FunctionDeclaration	hasFlowChartSeparators	675	677	3	false	false
admin/components/test-editor-wizard.tsx	56	FunctionDeclaration	isListeningMapLabelingType	679	681	3	false	false
admin/components/test-editor-wizard.tsx	57	FunctionDeclaration	isListeningMapFreeTextType	683	685	3	false	false
admin/components/test-editor-wizard.tsx	58	FunctionDeclaration	isListeningMapOptionType	687	689	3	false	false
admin/components/test-editor-wizard.tsx	59	FunctionDeclaration	isDiagramLabelingType	691	693	3	false	false
admin/components/test-editor-wizard.tsx	60	FunctionDeclaration	parseBracketCompletionAnswers	695	700	6	false	false
admin/components/test-editor-wizard.tsx	61	FunctionDeclaration	isBinaryStatementType	702	704	3	false	false
admin/components/test-editor-wizard.tsx	62	FunctionDeclaration	isMatchingInformationType	706	708	3	false	false
admin/components/test-editor-wizard.tsx	63	FunctionDeclaration	isMultipleChoiceMultipleType	710	712	3	false	false
admin/components/test-editor-wizard.tsx	64	FunctionDeclaration	stripMultipleChoicePromptMarker	714	720	7	false	false
admin/components/test-editor-wizard.tsx	65	FunctionDeclaration	parseMultipleChoiceQuestionBlock	722	741	20	false	false
admin/components/test-editor-wizard.tsx	66	FunctionDeclaration	parseMultipleChoiceQuestionBlocks	743	787	45	false	false
admin/components/test-editor-wizard.tsx	67	FunctionDeclaration	parseMultipleChoiceMultipleAnswerGroups	789	794	6	false	false
admin/components/test-editor-wizard.tsx	68	FunctionDeclaration	normalizeLookupToken	796	798	3	false	false
admin/components/test-editor-wizard.tsx	69	FunctionDeclaration	resolveMcOptionLetter	800	825	26	false	false
admin/components/test-editor-wizard.tsx	70	FunctionDeclaration	parseMcSingleAcceptedAnswers	827	834	8	false	false
admin/components/test-editor-wizard.tsx	71	FunctionDeclaration	parseMcMultipleAcceptedAnswers	836	842	7	false	false
admin/components/test-editor-wizard.tsx	72	FunctionDeclaration	matchWordBankOptionVariants	844	865	22	false	false
admin/components/test-editor-wizard.tsx	73	FunctionDeclaration	resolveWordBankAnswerVariants	867	879	13	false	false
admin/components/test-editor-wizard.tsx	74	FunctionDeclaration	parseWordBankAcceptedAnswers	881	889	9	false	false
admin/components/test-editor-wizard.tsx	75	FunctionDeclaration	questionSlotCount	891	896	6	false	false
admin/components/test-editor-wizard.tsx	76	FunctionDeclaration	questionRangeAtIndex	898	908	11	false	false
admin/components/test-editor-wizard.tsx	77	FunctionDeclaration	formatQuestionRange	910	912	3	false	false
admin/components/test-editor-wizard.tsx	78	FunctionDeclaration	totalQuestionSlots	914	916	3	false	false
admin/components/test-editor-wizard.tsx	79	FunctionDeclaration	analyzeMatchingInformationGroup	918	951	34	false	false
admin/components/test-editor-wizard.tsx	80	FunctionDeclaration	analyzeCompletionGroup	953	991	39	false	false
admin/components/test-editor-wizard.tsx	81	FunctionDeclaration	analyzeMultipleChoiceGroup	993	1039	47	false	false
admin/components/test-editor-wizard.tsx	82	FunctionDeclaration	collectGroupIssues	1041	1074	34	false	false
admin/components/test-editor-wizard.tsx	83	FunctionDeclaration	getQuestionStartOffset	1076	1101	26	false	false
admin/components/test-editor-wizard.tsx	84	FunctionDeclaration	getQuestionStartForSection	1103	1126	24	false	false
admin/components/test-editor-wizard.tsx	85	FirstStatement	STRUCTURAL_GROUP_UPDATE_KEYS	1128	1138	11	false	false
admin/components/test-editor-wizard.tsx	86	FunctionDeclaration	isStructuralGroupUpdate	1140	1142	3	false	false
admin/components/test-editor-wizard.tsx	87	FunctionDeclaration	normalizeQuestionGroups	1144	1197	54	false	false
admin/components/test-editor-wizard.tsx	88	FunctionDeclaration	findSectionInsertIndex	1199	1225	27	false	false
admin/components/test-editor-wizard.tsx	89	FunctionDeclaration	reorderQuestionGroupsForDrop	1227	1257	31	false	false
admin/components/test-editor-wizard.tsx	90	FunctionDeclaration	binaryAnswerOptionsForType	1259	1267	9	false	false
admin/components/test-editor-wizard.tsx	91	FunctionDeclaration	normalizeRestrictedAnswerLine	1269	1290	22	false	false
admin/components/test-editor-wizard.tsx	92	FunctionDeclaration	normalizeRestrictedAnswerBlockInput	1292	1300	9	false	false
admin/components/test-editor-wizard.tsx	93	FunctionDeclaration	normalizeMatchingHeadingsAnswerBlockInput	1302	1310	9	false	false
admin/components/test-editor-wizard.tsx	94	TypeAliasDeclaration	BinaryStatementPreviewRow	1312	1317	6	false	false
admin/components/test-editor-wizard.tsx	95	FunctionDeclaration	analyzeBinaryStatementGroup	1319	1374	56	false	false
admin/components/test-editor-wizard.tsx	96	FunctionDeclaration	normalizeBinaryQuestionAcceptedAnswers	1376	1381	6	false	false
admin/components/test-editor-wizard.tsx	97	FunctionDeclaration	normalizeBinaryGroupDraft	1383	1397	15	false	false
admin/components/test-editor-wizard.tsx	98	FunctionDeclaration	normalizeBinaryDraftAnswers	1399	1419	21	false	false
admin/components/test-editor-wizard.tsx	99	FunctionDeclaration	hasMeaningfulDraftContent	1421	1435	15	false	false
admin/components/test-editor-wizard.tsx	100	FunctionDeclaration	resolveDraftTitleForSave	1437	1456	20	false	false
admin/components/test-editor-wizard.tsx	101	FunctionDeclaration	isExamPracticeAutoTitle	1458	1460	3	false	false
admin/components/test-editor-wizard.tsx	102	FunctionDeclaration	extractExamPracticeNumber	1462	1473	12	false	false
admin/components/test-editor-wizard.tsx	103	FunctionDeclaration	getNextExamPracticeTitleFromTests	1475	1493	19	false	false
admin/components/test-editor-wizard.tsx	104	FunctionDeclaration	defaultTimeLimitLabelForType	1495	1497	3	false	false
admin/components/test-editor-wizard.tsx	105	FunctionDeclaration	resolveDraftLogicalIndex	1499	1519	21	false	false
admin/components/test-editor-wizard.tsx	106	FunctionDeclaration	isGenericSectionTitle	1521	1523	3	false	false
admin/components/test-editor-wizard.tsx	107	FunctionDeclaration	isGenericListeningIntroTitle	1525	1527	3	false	false
admin/components/test-editor-wizard.tsx	108	FunctionDeclaration	shouldRenderSectionTitle	1529	1544	16	false	false
admin/components/test-editor-wizard.tsx	109	FunctionDeclaration	normalizeMetadataQuickFixes	1546	1600	55	false	false
admin/components/test-editor-wizard.tsx	110	FunctionDeclaration	prepareDraftForSave	1602	1605	4	false	false
admin/components/test-editor-wizard.tsx	111	FunctionDeclaration	parseBraceBoldText	1607	1636	30	false	false
admin/components/test-editor-wizard.tsx	112	FunctionDeclaration	parseInlineItalicText	1638	1659	22	false	false
admin/components/test-editor-wizard.tsx	113	FunctionDeclaration	renderBraceBoldInlineText	1661	1698	38	false	false
admin/components/test-editor-wizard.tsx	114	FunctionDeclaration	renderBraceBoldText	1700	1728	29	false	false
admin/components/test-editor-wizard.tsx	115	FunctionDeclaration	parseBinaryInstructionLayout	1730	1760	31	false	false
admin/components/test-editor-wizard.tsx	116	TypeAliasDeclaration	CompletionTableRow	1762	1769	8	false	false
admin/components/test-editor-wizard.tsx	117	FunctionDeclaration	decodeHtmlEntities	1771	1779	9	false	false
admin/components/test-editor-wizard.tsx	118	FunctionDeclaration	stripHtmlToText	1781	1790	10	false	false
admin/components/test-editor-wizard.tsx	119	FunctionDeclaration	parseTableSpanAttr	1792	1796	5	false	false
admin/components/test-editor-wizard.tsx	120	FunctionDeclaration	normalizePipeCompletionTableRows	1798	1818	21	false	false
admin/components/test-editor-wizard.tsx	121	FunctionDeclaration	parseCompletionTableHtmlLayout	1820	1850	31	false	false
admin/components/test-editor-wizard.tsx	122	FunctionDeclaration	parseCompletionTableLayout	1852	1919	68	false	false
admin/components/test-editor-wizard.tsx	123	FunctionDeclaration	renderInstructionPreviewText	1921	1942	22	false	false
admin/components/test-editor-wizard.tsx	124	FunctionDeclaration	TestEditorWizard	1945	2302	358	true	false
admin/components/test-editor-wizard.tsx	125	FunctionDeclaration	MetadataPanel	2305	2419	115	false	false
admin/components/test-editor-wizard.tsx	126	FunctionDeclaration	ContentPanel	2422	3191	770	false	false
admin/components/test-editor-wizard.tsx	127	FunctionDeclaration	QuestionsPanel	3193	4668	1476	false	false
admin/components/test-editor-wizard.tsx	128	FunctionDeclaration	EditorUserPreview	4670	4714	45	false	false
admin/components/test-editor-wizard.tsx	129	FunctionDeclaration	EditorPreviewSection	4716	5335	620	false	false
admin/components/test-editor-wizard.tsx	130	FunctionDeclaration	previewTypeLabel	5337	5348	12	false	false
admin/components/test-editor-wizard.tsx	131	FunctionDeclaration	renderAdminPreviewAnswer	5350	5504	155	false	false
admin/components/test-editor-wizard.tsx	132	FunctionDeclaration	ReviewPanel	5506	5627	122	false	false
admin/components/test-editor-wizard.tsx	133	FunctionDeclaration	ReadOnlyField	5629	5636	8	false	false
admin/components/test-editor-wizard.tsx	134	FunctionDeclaration	EditableField	5639	5646	8	false	false
admin/components/test-editor-wizard.tsx	135	FunctionDeclaration	stepLabel	5649	5654	6	false	false
admin/components/test-editor-wizard.tsx	136	FunctionDeclaration	stepDescription	5657	5662	6	false	false
admin/components/test-editor-wizard.tsx	137	FunctionDeclaration	statusTone	5665	5669	5	false	false
frontend/components/exam/reading-exam-preview.tsx	1	ExpressionStatement		1	1	1	false	false
frontend/components/exam/reading-exam-preview.tsx	2	ImportDeclaration	useEffect,useMemo,useRef,useState,CSSProperties,ReactMouseEvent,ReactPointerEvent,ReactNode,ReactWheelEvent	3	13	11	false	false
frontend/components/exam/reading-exam-preview.tsx	3	ImportDeclaration	useRouter	14	14	1	false	false
frontend/components/exam/reading-exam-preview.tsx	4	ImportDeclaration	ArrowDown,Check,CheckCircle2,ChevronDown,Eraser,Expand,GripVertical,Highlighter,Lightbulb,LogIn,Minus,Moon,MoveHorizontal,Plus,Radio,SendHorizontal,Shrink,SunMedium	15	15	1	false	false
frontend/components/exam/reading-exam-preview.tsx	5	ImportDeclaration	ListeningTranscriptPanel,PreviewTranscriptQuestionLocation,PreviewTranscriptSegment	16	20	5	false	false
frontend/components/exam/reading-exam-preview.tsx	6	ImportDeclaration	ListeningWaveformPlayer	21	21	1	false	false
frontend/components/exam/reading-exam-preview.tsx	7	ImportDeclaration	Button	22	22	1	false	false
frontend/components/exam/reading-exam-preview.tsx	8	ImportDeclaration	Input	23	23	1	false	false
frontend/components/exam/reading-exam-preview.tsx	9	ImportDeclaration	Badge	24	24	1	false	false
frontend/components/exam/reading-exam-preview.tsx	10	ImportDeclaration	formatMatchingAnswerForReview,getMatchingOptionViewModel,normalizeMatchingAnswerValue,shouldAutoLetterMatchingOptions	25	30	6	false	false
frontend/components/exam/reading-exam-preview.tsx	11	ImportDeclaration	groupUsesOptionBank	31	33	3	false	false
frontend/components/exam/reading-exam-preview.tsx	12	ImportDeclaration	emitNotificationRefresh	34	34	1	false	false
frontend/components/exam/reading-exam-preview.tsx	13	ImportDeclaration	readBrowserSessionCookies	35	35	1	false	false
frontend/components/exam/reading-exam-preview.tsx	14	ImportDeclaration	fetchInternalUserApi	36	36	1	false	false
frontend/components/exam/reading-exam-preview.tsx	15	ImportDeclaration	cn	37	37	1	false	false
frontend/components/exam/reading-exam-preview.tsx	16	ImportDeclaration	QuestionType	38	38	1	false	false
frontend/components/exam/reading-exam-preview.tsx	17	ImportDeclaration	useAuthStore	39	39	1	false	false
frontend/components/exam/reading-exam-preview.tsx	18	TypeAliasDeclaration	PreviewMode	41	41	1	false	false
frontend/components/exam/reading-exam-preview.tsx	19	TypeAliasDeclaration	PreviewDialog	42	42	1	false	false
frontend/components/exam/reading-exam-preview.tsx	20	TypeAliasDeclaration	SubmitReason	43	43	1	false	false
frontend/components/exam/reading-exam-preview.tsx	21	TypeAliasDeclaration	FullscreenDialogStage	44	44	1	false	false
frontend/components/exam/reading-exam-preview.tsx	22	TypeAliasDeclaration	StrictListeningPhase	45	45	1	false	false
frontend/components/exam/reading-exam-preview.tsx	23	TypeAliasDeclaration	TextHighlight	46	46	1	false	false
frontend/components/exam/reading-exam-preview.tsx	24	TypeAliasDeclaration	PreviewUiState	47	52	6	false	false
frontend/components/exam/reading-exam-preview.tsx	25	TypeAliasDeclaration	TextRange	53	53	1	false	false
frontend/components/exam/reading-exam-preview.tsx	26	TypeAliasDeclaration	SelectionToolbarState	54	60	7	false	false
frontend/components/exam/reading-exam-preview.tsx	27	FirstStatement	LISTENING_TRANSFER_SECONDS	62	62	1	false	false
frontend/components/exam/reading-exam-preview.tsx	28	InterfaceDeclaration	PreviewParagraph	64	78	15	false	false
frontend/components/exam/reading-exam-preview.tsx	29	InterfaceDeclaration	PreviewQuestion	80	89	10	false	false
frontend/components/exam/reading-exam-preview.tsx	30	InterfaceDeclaration	PreviewGroup	91	111	21	false	false
frontend/components/exam/reading-exam-preview.tsx	31	InterfaceDeclaration	PreviewSection	113	126	14	false	false
frontend/components/exam/reading-exam-preview.tsx	32	InterfaceDeclaration	ReadingExamPreviewData	128	167	40	true	false
frontend/components/exam/reading-exam-preview.tsx	33	FirstStatement	PASSAGE_PARAGRAPHS	169	197	29	false	false
frontend/components/exam/reading-exam-preview.tsx	34	FirstStatement	QUESTION_GROUPS	199	281	83	false	false
frontend/components/exam/reading-exam-preview.tsx	35	FirstStatement	DEFAULT_EXAM_DATA	283	290	8	false	false
frontend/components/exam/reading-exam-preview.tsx	36	FirstStatement	attemptApiBaseUrl	292	292	1	false	false
frontend/components/exam/reading-exam-preview.tsx	37	FunctionDeclaration	formatCountdown	294	298	5	false	false
frontend/components/exam/reading-exam-preview.tsx	38	FunctionDeclaration	formatMinutesLeft	300	303	4	false	false
frontend/components/exam/reading-exam-preview.tsx	39	FunctionDeclaration	getDocumentTheme	305	316	12	false	false
frontend/components/exam/reading-exam-preview.tsx	40	FunctionDeclaration	buildAttemptRequestHeaders	318	326	9	false	false
frontend/components/exam/reading-exam-preview.tsx	41	FunctionDeclaration	inlineAnswerWidth	328	331	4	false	false
frontend/components/exam/reading-exam-preview.tsx	42	FunctionDeclaration	clampSplitRatio	333	335	3	false	false
frontend/components/exam/reading-exam-preview.tsx	43	FunctionDeclaration	clampFontScale	337	339	3	false	false
frontend/components/exam/reading-exam-preview.tsx	44	FunctionDeclaration	typeLabel	341	365	25	false	false
frontend/components/exam/reading-exam-preview.tsx	45	FunctionDeclaration	isMcq	367	369	3	false	false
frontend/components/exam/reading-exam-preview.tsx	46	FunctionDeclaration	isMcqMultiple	371	373	3	false	false
frontend/components/exam/reading-exam-preview.tsx	47	FunctionDeclaration	isTfng	375	377	3	false	false
frontend/components/exam/reading-exam-preview.tsx	48	FunctionDeclaration	isYnng	379	381	3	false	false
frontend/components/exam/reading-exam-preview.tsx	49	FunctionDeclaration	isMatching	383	385	3	false	false
frontend/components/exam/reading-exam-preview.tsx	50	FunctionDeclaration	isCompletion	387	389	3	false	false
frontend/components/exam/reading-exam-preview.tsx	51	FunctionDeclaration	isWordBankCompletion	391	393	3	false	false
frontend/components/exam/reading-exam-preview.tsx	52	FunctionDeclaration	isFreeTextSummaryCompletion	395	397	3	false	false
frontend/components/exam/reading-exam-preview.tsx	53	FunctionDeclaration	isPlanMapLabeling	399	401	3	false	false
frontend/components/exam/reading-exam-preview.tsx	54	FunctionDeclaration	paragraphLabelFromPrompt	403	406	4	false	false
frontend/components/exam/reading-exam-preview.tsx	55	FunctionDeclaration	usesBracketCompletionLayout	408	418	11	false	false
frontend/components/exam/reading-exam-preview.tsx	56	FunctionDeclaration	splitOptionLines	420	425	6	false	false
frontend/components/exam/reading-exam-preview.tsx	57	FunctionDeclaration	normalizeInlineBlankPlaceholders	427	429	3	false	false
frontend/components/exam/reading-exam-preview.tsx	58	FunctionDeclaration	hasFlowChartSeparators	431	433	3	false	false
frontend/components/exam/reading-exam-preview.tsx	59	FunctionDeclaration	optionValue	435	442	8	false	false
frontend/components/exam/reading-exam-preview.tsx	60	FunctionDeclaration	optionText	444	451	8	false	false
frontend/components/exam/reading-exam-preview.tsx	61	FunctionDeclaration	normalizeOptionList	453	457	5	false	false
frontend/components/exam/reading-exam-preview.tsx	62	FunctionDeclaration	typedOptionLines	459	466	8	false	false
frontend/components/exam/reading-exam-preview.tsx	63	FunctionDeclaration	sharedOrQuestionOptions	468	473	6	false	false
frontend/components/exam/reading-exam-preview.tsx	64	FunctionDeclaration	typedQuestionOptionLines	475	493	19	false	false
frontend/components/exam/reading-exam-preview.tsx	65	FunctionDeclaration	typedOptionView	495	497	3	false	false
frontend/components/exam/reading-exam-preview.tsx	66	FunctionDeclaration	normalizeHeadingComparableValue	499	501	3	false	false
frontend/components/exam/reading-exam-preview.tsx	67	FunctionDeclaration	parsePassageBlockStyle	503	533	31	false	false
frontend/components/exam/reading-exam-preview.tsx	68	FunctionDeclaration	parseBraceBoldSegments	534	563	30	false	false
frontend/components/exam/reading-exam-preview.tsx	69	FunctionDeclaration	parseInlineItalicSegments	565	586	22	false	false
frontend/components/exam/reading-exam-preview.tsx	70	FunctionDeclaration	getHighlightNodePlainTextLength	588	610	23	false	false
frontend/components/exam/reading-exam-preview.tsx	71	FunctionDeclaration	getHighlightTextOffset	612	666	55	false	false
frontend/components/exam/reading-exam-preview.tsx	72	FunctionDeclaration	getHighlightTextOffsets	668	673	6	false	false
frontend/components/exam/reading-exam-preview.tsx	73	FunctionDeclaration	parseBraceBoldText	675	717	43	false	false
frontend/components/exam/reading-exam-preview.tsx	74	FunctionDeclaration	parseBinaryInstructionLayout	719	749	31	false	false
frontend/components/exam/reading-exam-preview.tsx	75	FunctionDeclaration	softenInstructionText	751	755	5	false	false
frontend/components/exam/reading-exam-preview.tsx	76	FunctionDeclaration	parseCompletionTableLayout	757	795	39	false	false
frontend/components/exam/reading-exam-preview.tsx	77	FunctionDeclaration	toggleMultiValue	798	810	13	false	false
frontend/components/exam/reading-exam-preview.tsx	78	FunctionDeclaration	hasMultiValue	812	818	7	false	false
frontend/components/exam/reading-exam-preview.tsx	79	FunctionDeclaration	mcMultipleQuestionWeight	820	832	13	false	false
frontend/components/exam/reading-exam-preview.tsx	80	FunctionDeclaration	answeredQuestionWeight	834	846	13	false	false
frontend/components/exam/reading-exam-preview.tsx	81	FunctionDeclaration	isQuestionFullyAnswered	848	854	7	false	false
frontend/components/exam/reading-exam-preview.tsx	82	FunctionDeclaration	questionDisplaySlots	856	868	13	false	false
frontend/components/exam/reading-exam-preview.tsx	83	FunctionDeclaration	primaryQuestionDisplayLabel	870	872	3	false	false
frontend/components/exam/reading-exam-preview.tsx	84	FunctionDeclaration	questionRangeLabelForGroup	874	879	6	false	false
frontend/components/exam/reading-exam-preview.tsx	85	FunctionDeclaration	isGenericQuestionGroupTitle	881	883	3	false	false
frontend/components/exam/reading-exam-preview.tsx	86	FunctionDeclaration	shouldRenderCustomGroupTitle	885	897	13	false	false
frontend/components/exam/reading-exam-preview.tsx	87	FunctionDeclaration	sectionKeyForParagraph	899	901	3	false	false
frontend/components/exam/reading-exam-preview.tsx	88	FunctionDeclaration	sectionKeyForGroup	903	905	3	false	false
frontend/components/exam/reading-exam-preview.tsx	89	FunctionDeclaration	findSectionIdForQuestion	907	920	14	false	false
frontend/components/exam/reading-exam-preview.tsx	90	FunctionDeclaration	normalizeSectionTimeSpentSeconds	922	932	11	false	false
frontend/components/exam/reading-exam-preview.tsx	91	FunctionDeclaration	mergeSectionTimeSpentSeconds	934	943	10	false	false
frontend/components/exam/reading-exam-preview.tsx	92	FunctionDeclaration	normalizeQuestionTypeKey	945	957	13	false	false
frontend/components/exam/reading-exam-preview.tsx	93	FunctionDeclaration	resolveInitialReviewTarget	959	994	36	false	false
frontend/components/exam/reading-exam-preview.tsx	94	FunctionDeclaration	ReadingExamPreview	996	5265	4270	true	false
frontend/app/(app)/speaking/speaking-page-client.tsx	1	ExpressionStatement		1	1	1	false	false
frontend/app/(app)/speaking/speaking-page-client.tsx	2	ImportDeclaration	Link	3	3	1	false	false
frontend/app/(app)/speaking/speaking-page-client.tsx	3	ImportDeclaration	Sora	4	4	1	false	false
frontend/app/(app)/speaking/speaking-page-client.tsx	4	ImportDeclaration	useRouter,useSearchParams	5	5	1	false	false
frontend/app/(app)/speaking/speaking-page-client.tsx	5	ImportDeclaration	useCallback,useEffect,useMemo,useRef,useState,ReactNode	6	6	1	false	false
frontend/app/(app)/speaking/speaking-page-client.tsx	6	ImportDeclaration	AlertCircle,ArrowLeft,Check,CheckCircle2,ClipboardCheck,Clock3,FileAudio,Flame,Loader2,MessageCircle,MessagesSquare,Mic2,RefreshCcw,Sparkles,Star,StickyNote,User,Wifi,LucideIcon	7	27	21	false	false
frontend/app/(app)/speaking/speaking-page-client.tsx	7	ImportDeclaration	createApiClient,SpeakingDiarizedTranscriptItem,SpeakingEntryMode,SpeakingSessionResult,SpeakingTestListItem,SpeakingTopicItem	29	36	8	false	false
frontend/app/(app)/speaking/speaking-page-client.tsx	8	ImportDeclaration	getFrontendClientWebSocketApiBaseUrl	37	37	1	false	false
frontend/app/(app)/speaking/speaking-page-client.tsx	9	ImportDeclaration	isSpeakingSessionClosingMessage,PART_1_QUESTION_COUNT	38	38	1	false	false
frontend/app/(app)/speaking/speaking-page-client.tsx	10	ImportDeclaration	buildMicrophoneCheckHref,buildRoastSpeakingHref,buildSpeakingTopicPickerHref,clampSpeakingPart,isPartPracticeEntryMode,normalizeSpeakingEntryMode,parseSpeakingTopicLabels,SpeakingAiMode	39	48	10	false	false
frontend/app/(app)/speaking/speaking-page-client.tsx	11	ImportDeclaration	cn	49	49	1	false	false
frontend/app/(app)/speaking/speaking-page-client.tsx	12	ImportDeclaration	SpeakingAiSphere,speakingSphereStateFromLiveStatus	50	50	1	false	false
frontend/app/(app)/speaking/speaking-page-client.tsx	13	ImportDeclaration	useAuthStore	51	51	1	false	false
frontend/app/(app)/speaking/speaking-page-client.tsx	14	FirstStatement	display	53	57	5	false	false
frontend/app/(app)/speaking/speaking-page-client.tsx	15	TypeAliasDeclaration	LiveStatus	59	59	1	true	false
frontend/app/(app)/speaking/speaking-page-client.tsx	16	TypeAliasDeclaration	SpeakingModeAccent	61	61	1	false	false
frontend/app/(app)/speaking/speaking-page-client.tsx	17	TypeAliasDeclaration	SpeakingModeCardConfig	63	79	17	false	false
frontend/app/(app)/speaking/speaking-page-client.tsx	18	FirstStatement	accentStyles	81	123	43	false	false
frontend/app/(app)/speaking/speaking-page-client.tsx	19	FirstStatement	modeCards	125	195	71	false	false
frontend/app/(app)/speaking/speaking-page-client.tsx	20	FirstStatement	aiWaveformBars	197	200	4	false	false
frontend/app/(app)/speaking/speaking-page-client.tsx	21	FirstStatement	userWaveformBars	202	205	4	false	false
frontend/app/(app)/speaking/speaking-page-client.tsx	22	FirstStatement	SPEECH_LEVEL_THRESHOLD	207	207	1	false	false
frontend/app/(app)/speaking/speaking-page-client.tsx	23	FirstStatement	SPEECH_SILENCE_LEVEL	208	208	1	false	false
frontend/app/(app)/speaking/speaking-page-client.tsx	24	FirstStatement	SPEECH_END_SILENCE_MS	209	209	1	false	false
frontend/app/(app)/speaking/speaking-page-client.tsx	25	FirstStatement	MIN_SPEECH_MS_BEFORE_SILENCE_END	210	210	1	false	false
frontend/app/(app)/speaking/speaking-page-client.tsx	26	FirstStatement	ROAST_SPEECH_END_SILENCE_MS	211	211	1	false	false
frontend/app/(app)/speaking/speaking-page-client.tsx	27	FirstStatement	NORMAL_NO_ANSWER_MS	212	212	1	false	false
frontend/app/(app)/speaking/speaking-page-client.tsx	28	FirstStatement	PART_TWO_PREP_NO_ANSWER_MS	213	213	1	false	false
frontend/app/(app)/speaking/speaking-page-client.tsx	29	FirstStatement	PART_TWO_PREP_COMPLETE_NO_ANSWER_MS	214	214	1	false	false
frontend/app/(app)/speaking/speaking-page-client.tsx	30	FunctionDeclaration	SpeakingPageClient	216	248	33	true	false
frontend/app/(app)/speaking/speaking-page-client.tsx	31	FunctionDeclaration	SpeakingHomePage	250	284	35	false	false
frontend/app/(app)/speaking/speaking-page-client.tsx	32	FunctionDeclaration	SpeakingLaunchPanel	286	324	39	false	false
frontend/app/(app)/speaking/speaking-page-client.tsx	33	FunctionDeclaration	SpeakingModeCard	326	400	75	false	false
frontend/app/(app)/speaking/speaking-page-client.tsx	34	FunctionDeclaration	LiveSpeakingMockPage	402	521	120	false	false
frontend/app/(app)/speaking/speaking-page-client.tsx	35	FunctionDeclaration	LiveSpeakingSessionView	523	681	159	false	false
frontend/app/(app)/speaking/speaking-page-client.tsx	36	FunctionDeclaration	RoastSpeakingShell	683	717	35	false	false
frontend/app/(app)/speaking/speaking-page-client.tsx	37	FunctionDeclaration	RoastSpeakingLiveView	719	764	46	false	false
frontend/app/(app)/speaking/speaking-page-client.tsx	38	FunctionDeclaration	getRoastStatusLabel	766	791	26	false	false
frontend/app/(app)/speaking/speaking-page-client.tsx	39	FunctionDeclaration	useSpeakingLiveSession	793	1575	783	true	false
frontend/app/(app)/speaking/speaking-page-client.tsx	40	FunctionDeclaration	LivePanelStatusBar	1577	1611	35	false	false
frontend/app/(app)/speaking/speaking-page-client.tsx	41	FunctionDeclaration	HeaderPill	1613	1619	7	false	false
frontend/app/(app)/speaking/speaking-page-client.tsx	42	FunctionDeclaration	SpeakingResultPanel	1621	1774	154	true	false
frontend/app/(app)/speaking/speaking-page-client.tsx	43	FunctionDeclaration	ExamChatBubble	1776	1791	16	false	false
frontend/app/(app)/speaking/speaking-page-client.tsx	44	FunctionDeclaration	isRecord	1793	1795	3	false	false
frontend/app/(app)/speaking/speaking-page-client.tsx	45	FunctionDeclaration	getFeedbackText	1797	1800	4	false	false
frontend/app/(app)/speaking/speaking-page-client.tsx	46	FunctionDeclaration	getCriteriaFeedback	1802	1814	13	false	false
frontend/app/(app)/speaking/speaking-page-client.tsx	47	FunctionDeclaration	FeedbackLine	1816	1826	11	false	false
frontend/app/(app)/speaking/speaking-page-client.tsx	48	FunctionDeclaration	formatDurationMs	1828	1836	9	false	false
frontend/app/(app)/speaking/speaking-page-client.tsx	49	FunctionDeclaration	formatOffsetMs	1838	1843	6	false	false
frontend/app/(app)/speaking/speaking-page-client.tsx	50	FunctionDeclaration	buildFallbackDiarizedTranscript	1845	1854	10	false	false
frontend/app/(app)/speaking/speaking-page-client.tsx	51	FunctionDeclaration	AiQuestionSection	1856	1904	49	false	false
frontend/app/(app)/speaking/speaking-page-client.tsx	52	FunctionDeclaration	UserAnswerSection	1906	1999	94	false	false
frontend/app/(app)/speaking/speaking-page-client.tsx	53	FunctionDeclaration	LiveWaveform	2001	2036	36	false	false
frontend/app/(app)/speaking/speaking-page-client.tsx	54	TypeAliasDeclaration	LiveAudioRuntime	2038	2044	7	false	false
frontend/app/(app)/speaking/speaking-page-client.tsx	55	TypeAliasDeclaration	LiveOutputRuntime	2046	2049	4	false	false
frontend/app/(app)/speaking/speaking-page-client.tsx	56	FunctionDeclaration	getAudioContextConstructor	2051	2057	7	false	false
frontend/app/(app)/speaking/speaking-page-client.tsx	57	FunctionDeclaration	startOutputRuntime	2059	2074	16	false	false
frontend/app/(app)/speaking/speaking-page-client.tsx	58	FunctionDeclaration	startAudioRuntime	2076	2191	116	false	false
frontend/app/(app)/speaking/speaking-page-client.tsx	59	FunctionDeclaration	stopAudioRuntime	2193	2203	11	false	false
frontend/app/(app)/speaking/speaking-page-client.tsx	60	FunctionDeclaration	stopOutputRuntime	2205	2210	6	false	false
frontend/app/(app)/speaking/speaking-page-client.tsx	61	FunctionDeclaration	getNoAnswerDelayMs	2212	2214	3	false	false
frontend/app/(app)/speaking/speaking-page-client.tsx	62	FunctionDeclaration	buildNoAnswerExaminerPrompt	2216	2221	6	false	false
frontend/app/(app)/speaking/speaking-page-client.tsx	63	FunctionDeclaration	isPartTwoPreparationPrompt	2223	2225	3	false	false
frontend/app/(app)/speaking/speaking-page-client.tsx	64	FunctionDeclaration	playPcmAudio	2227	2270	44	false	false
frontend/app/(app)/speaking/speaking-page-client.tsx	65	FunctionDeclaration	prefetchMicrophonePermission	2272	2281	10	false	false
frontend/app/(app)/speaking/speaking-page-client.tsx	66	FunctionDeclaration	parseLiveMessage	2283	2293	11	false	false
frontend/app/(app)/speaking/speaking-page-client.tsx	67	FunctionDeclaration	getLiveMessageString	2295	2298	4	false	false
frontend/app/(app)/speaking/speaking-page-client.tsx	68	FunctionDeclaration	mergeTranscript	2300	2312	13	false	false
frontend/app/(app)/speaking/speaking-page-client.tsx	69	FunctionDeclaration	compactLiveTranscript	2314	2324	11	false	false
frontend/app/(app)/speaking/speaking-page-client.tsx	70	FunctionDeclaration	calculateInputLevel	2326	2332	7	false	false
frontend/app/(app)/speaking/speaking-page-client.tsx	71	FunctionDeclaration	resampleFloat32	2334	2366	33	false	false
frontend/app/(app)/speaking/speaking-page-client.tsx	72	FunctionDeclaration	floatToPcm16Bytes	2368	2376	9	false	false
frontend/app/(app)/speaking/speaking-page-client.tsx	73	FunctionDeclaration	bytesToBase64	2378	2386	9	false	false
frontend/app/(app)/speaking/speaking-page-client.tsx	74	FunctionDeclaration	base64ToUint8Array	2388	2395	8	false	false
frontend/app/(app)/speaking/speaking-page-client.tsx	75	FunctionDeclaration	parseAudioSampleRate	2397	2400	4	false	false
frontend/app/(app)/speaking/speaking-page-client.tsx	76	FunctionDeclaration	buildRepeatSpeakingHref	2402	2419	18	true	false
frontend/app/(app)/speaking/speaking-page-client.tsx	77	FunctionDeclaration	normalizeAiMode	2421	2428	8	false	false
frontend/app/(app)/speaking/speaking-page-client.tsx	78	FunctionDeclaration	formatTimer	2430	2434	5	true	false
frontend/app/(app)/speaking/speaking-page-client.tsx	79	FunctionDeclaration	formatBand	2436	2441	6	false	false
frontend/app/(app)/speaking/speaking-page-client.tsx	80	FunctionDeclaration	liveStatusLabel	2443	2452	10	false	false
frontend/app/(app)/speaking/speaking-page-client.tsx	81	FunctionDeclaration	buildDisplayBars	2454	2460	7	false	false
frontend/components/layout/app-loading-placeholder.tsx	1	ExpressionStatement		1	1	1	false	false
frontend/components/layout/app-loading-placeholder.tsx	2	ImportDeclaration	usePathname	3	3	1	false	false
frontend/components/layout/app-loading-placeholder.tsx	3	ImportDeclaration	useEffect,useState	4	4	1	false	false
frontend/components/layout/app-loading-placeholder.tsx	4	ImportDeclaration	CSSProperties,ReactNode	5	5	1	false	false
frontend/components/layout/app-loading-placeholder.tsx	5	ImportDeclaration	cn	6	6	1	false	false
frontend/components/layout/app-loading-placeholder.tsx	6	InterfaceDeclaration	AppLoadingPlaceholderProps	8	12	5	false	false
frontend/components/layout/app-loading-placeholder.tsx	7	TypeAliasDeclaration	AppSidebarState	14	14	1	false	false
frontend/components/layout/app-loading-placeholder.tsx	8	TypeAliasDeclaration	FrontendLoadingSection	15	15	1	false	false
frontend/components/layout/app-loading-placeholder.tsx	9	InterfaceDeclaration	RouteLoadingFrameProps	17	20	4	false	false
frontend/components/layout/app-loading-placeholder.tsx	10	FunctionDeclaration	SkeletonBlock	22	32	11	false	false
frontend/components/layout/app-loading-placeholder.tsx	11	FunctionDeclaration	SkeletonCard	34	40	7	false	false
frontend/components/layout/app-loading-placeholder.tsx	12	FunctionDeclaration	SkeletonLineStack	42	64	23	false	false
frontend/components/layout/app-loading-placeholder.tsx	13	FunctionDeclaration	PageHeadingSkeleton	66	83	18	false	false
frontend/components/layout/app-loading-placeholder.tsx	14	FunctionDeclaration	StatStripSkeleton	85	108	24	false	false
frontend/components/layout/app-loading-placeholder.tsx	15	FunctionDeclaration	TableSkeleton	110	144	35	false	false
frontend/components/layout/app-loading-placeholder.tsx	16	FunctionDeclaration	TestsOverviewSkeleton	146	245	100	false	false
frontend/components/layout/app-loading-placeholder.tsx	17	FunctionDeclaration	TestCatalogCardSkeleton	247	274	28	false	false
frontend/components/layout/app-loading-placeholder.tsx	18	FunctionDeclaration	SkillTestsSkeleton	276	322	47	false	false
frontend/components/layout/app-loading-placeholder.tsx	19	FunctionDeclaration	ReadingTestsSkeleton	324	326	3	false	false
frontend/components/layout/app-loading-placeholder.tsx	20	FunctionDeclaration	ListeningTestsSkeleton	328	330	3	false	false
frontend/components/layout/app-loading-placeholder.tsx	21	FunctionDeclaration	DashboardSkeleton	332	484	153	false	false
frontend/components/layout/app-loading-placeholder.tsx	22	FunctionDeclaration	HistorySkeleton	486	563	78	false	false
frontend/components/layout/app-loading-placeholder.tsx	23	FunctionDeclaration	WritingSkeleton	565	646	82	false	false
frontend/components/layout/app-loading-placeholder.tsx	24	FunctionDeclaration	FormSkeleton	648	670	23	false	false
frontend/components/layout/app-loading-placeholder.tsx	25	FunctionDeclaration	TestDetailSkeleton	672	721	50	false	false
frontend/components/layout/app-loading-placeholder.tsx	26	FunctionDeclaration	TestStartSkeleton	723	754	32	false	false
frontend/components/layout/app-loading-placeholder.tsx	27	FunctionDeclaration	BookmarksSkeleton	756	795	40	false	false
frontend/components/layout/app-loading-placeholder.tsx	28	FunctionDeclaration	LeaderboardSkeleton	797	815	19	false	false
frontend/components/layout/app-loading-placeholder.tsx	29	FunctionDeclaration	SubscriptionSkeleton	817	909	93	false	false
frontend/components/layout/app-loading-placeholder.tsx	30	FunctionDeclaration	SettingsSkeleton	911	963	53	false	false
frontend/components/layout/app-loading-placeholder.tsx	31	FunctionDeclaration	WritingTasksSkeleton	965	996	32	false	false
frontend/components/layout/app-loading-placeholder.tsx	32	FunctionDeclaration	WritingHistorySkeleton	998	1025	28	false	false
frontend/components/layout/app-loading-placeholder.tsx	33	FunctionDeclaration	WritingResultSkeleton	1027	1049	23	false	false
frontend/components/layout/app-loading-placeholder.tsx	34	FunctionDeclaration	AttemptResultSkeleton	1051	1085	35	false	false
frontend/components/layout/app-loading-placeholder.tsx	35	FunctionDeclaration	AttemptReviewSkeleton	1087	1120	34	false	false
frontend/components/layout/app-loading-placeholder.tsx	36	FunctionDeclaration	RedirectSkeleton	1122	1137	16	false	false
frontend/components/layout/app-loading-placeholder.tsx	37	FunctionDeclaration	ExamWorkspaceSkeleton	1139	1226	88	false	false
frontend/components/layout/app-loading-placeholder.tsx	38	FunctionDeclaration	AnalyticsSkeleton	1228	1470	243	false	false
frontend/components/layout/app-loading-placeholder.tsx	39	FunctionDeclaration	AchievementsSkeleton	1471	1536	66	false	false
frontend/components/layout/app-loading-placeholder.tsx	40	FunctionDeclaration	ReservedSectionSkeleton	1538	1567	30	false	false
frontend/components/layout/app-loading-placeholder.tsx	41	FunctionDeclaration	AdminPanelSkeleton	1569	1581	13	false	false
frontend/components/layout/app-loading-placeholder.tsx	42	FunctionDeclaration	LoginOverlaySkeleton	1583	1598	16	false	false
frontend/components/layout/app-loading-placeholder.tsx	43	FunctionDeclaration	MarketingSkeleton	1600	1703	104	false	false
frontend/components/layout/app-loading-placeholder.tsx	44	FunctionDeclaration	GenericSkeleton	1705	1742	38	false	false
frontend/components/layout/app-loading-placeholder.tsx	45	FunctionDeclaration	skeletonForPath	1744	1859	116	false	false
frontend/components/layout/app-loading-placeholder.tsx	46	FunctionDeclaration	resolveLoadingSection	1861	1897	37	false	false
frontend/components/layout/app-loading-placeholder.tsx	47	FunctionDeclaration	SidebarLoadingSkeleton	1899	1913	15	false	false
frontend/components/layout/app-loading-placeholder.tsx	48	FunctionDeclaration	AdminSidebarLoadingSkeleton	1915	1932	18	false	false
frontend/components/layout/app-loading-placeholder.tsx	49	FunctionDeclaration	AppRouteLoadingFrame	1934	1954	21	true	false
frontend/components/layout/app-loading-placeholder.tsx	50	FunctionDeclaration	MarketingRouteLoadingFrame	1956	1962	7	true	false
frontend/components/layout/app-loading-placeholder.tsx	51	FunctionDeclaration	GenericRouteLoadingFrame	1964	1970	7	true	false
frontend/components/layout/app-loading-placeholder.tsx	52	FunctionDeclaration	AdminRouteLoadingFrame	1972	1986	15	true	false
frontend/components/layout/app-loading-placeholder.tsx	53	FunctionDeclaration	ExamRouteLoadingFrame	1988	1994	7	true	false
frontend/components/layout/app-loading-placeholder.tsx	54	FunctionDeclaration	FrontendRouteLoadingFrame	1996	2020	25	true	false
frontend/components/layout/app-loading-placeholder.tsx	55	FunctionDeclaration	AppLoadingPlaceholder	2022	2056	35	true	false
frontend/app/(app)/writing/submissions/[submissionId]/result/result-client.tsx	1	ExpressionStatement		1	1	1	false	false
frontend/app/(app)/writing/submissions/[submissionId]/result/result-client.tsx	2	ImportDeclaration	Link	3	3	1	false	false
frontend/app/(app)/writing/submissions/[submissionId]/result/result-client.tsx	3	ImportDeclaration	useEffect,useMemo,useRef,useState	4	4	1	false	false
frontend/app/(app)/writing/submissions/[submissionId]/result/result-client.tsx	4	ImportDeclaration	AlertTriangle,ArrowRight,ArrowUpRight,BookOpen,CheckCircle2,ClipboardList,Clock3,Copy,FileText,Flame,Lightbulb,Loader2,PenSquare,Quote,ShieldCheck,Sparkles,Target,Trophy,TrendingUp	5	25	21	false	false
frontend/app/(app)/writing/submissions/[submissionId]/result/result-client.tsx	5	ImportDeclaration	Badge	27	27	1	false	false
frontend/app/(app)/writing/submissions/[submissionId]/result/result-client.tsx	6	ImportDeclaration	Button	28	28	1	false	false
frontend/app/(app)/writing/submissions/[submissionId]/result/result-client.tsx	7	ImportDeclaration	Card,CardContent,CardHeader,CardTitle	29	29	1	false	false
frontend/app/(app)/writing/submissions/[submissionId]/result/result-client.tsx	8	ImportDeclaration	fetchWritingSubmissionResult,pollWritingSubmission,retryWritingSubmission	30	34	5	false	false
frontend/app/(app)/writing/submissions/[submissionId]/result/result-client.tsx	9	ImportDeclaration	cn	35	35	1	false	false
frontend/app/(app)/writing/submissions/[submissionId]/result/result-client.tsx	10	ImportDeclaration	WritingActionPlan,WritingChecklistItem,WritingCriterionEvaluation,WritingErrorPattern,WritingInlineAnnotation,WritingRoastFeedback,WritingSubmissionResult,WritingSubmissionStatus,WritingTargetAction,WritingVocabularySuggestion	36	47	12	false	false
frontend/app/(app)/writing/submissions/[submissionId]/result/result-client.tsx	11	InterfaceDeclaration	ResultClientProps	49	54	6	false	false
frontend/app/(app)/writing/submissions/[submissionId]/result/result-client.tsx	12	TypeAliasDeclaration	LoadingStage	56	56	1	false	false
frontend/app/(app)/writing/submissions/[submissionId]/result/result-client.tsx	13	FirstStatement	GRADING_STEPS	58	65	8	false	false
frontend/app/(app)/writing/submissions/[submissionId]/result/result-client.tsx	14	FirstStatement	STEP_ADVANCE_MS	66	66	1	false	false
frontend/app/(app)/writing/submissions/[submissionId]/result/result-client.tsx	15	FirstStatement	CATEGORY_STYLE	68	134	67	false	false
frontend/app/(app)/writing/submissions/[submissionId]/result/result-client.tsx	16	FunctionDeclaration	categoryStyle	136	138	3	false	false
frontend/app/(app)/writing/submissions/[submissionId]/result/result-client.tsx	17	FunctionDeclaration	toBandNumber	140	144	5	false	false
frontend/app/(app)/writing/submissions/[submissionId]/result/result-client.tsx	18	FunctionDeclaration	bandTone	146	152	7	false	false
frontend/app/(app)/writing/submissions/[submissionId]/result/result-client.tsx	19	FunctionDeclaration	formatDate	154	162	9	false	false
frontend/app/(app)/writing/submissions/[submissionId]/result/result-client.tsx	20	FunctionDeclaration	formatDuration	164	171	8	false	false
frontend/app/(app)/writing/submissions/[submissionId]/result/result-client.tsx	21	FunctionDeclaration	normalizedEssayText	173	175	3	false	false
frontend/app/(app)/writing/submissions/[submissionId]/result/result-client.tsx	22	FunctionDeclaration	splitDiffTokens	177	179	3	false	false
frontend/app/(app)/writing/submissions/[submissionId]/result/result-client.tsx	23	FunctionDeclaration	buildInlineDiff	181	224	44	false	false
frontend/app/(app)/writing/submissions/[submissionId]/result/result-client.tsx	24	FunctionDeclaration	buildAnnotationTooltip	226	234	9	false	false
frontend/app/(app)/writing/submissions/[submissionId]/result/result-client.tsx	25	FunctionDeclaration	findSentenceStart	236	254	19	false	false
frontend/app/(app)/writing/submissions/[submissionId]/result/result-client.tsx	26	FunctionDeclaration	findSentenceEnd	256	273	18	false	false
frontend/app/(app)/writing/submissions/[submissionId]/result/result-client.tsx	27	FunctionDeclaration	buildAnnotationSentencePreview	275	301	27	false	false
frontend/app/(app)/writing/submissions/[submissionId]/result/result-client.tsx	28	TypeAliasDeclaration	AnnotatedSegment	303	305	3	false	false
frontend/app/(app)/writing/submissions/[submissionId]/result/result-client.tsx	29	FunctionDeclaration	buildAnnotatedSegments	307	339	33	false	false
frontend/app/(app)/writing/submissions/[submissionId]/result/result-client.tsx	30	FunctionDeclaration	buildCriterionInsights	341	368	28	false	false
frontend/app/(app)/writing/submissions/[submissionId]/result/result-client.tsx	31	FunctionDeclaration	getTargetBandActions	370	444	75	false	false
frontend/app/(app)/writing/submissions/[submissionId]/result/result-client.tsx	32	FunctionDeclaration	ScoreGauge	446	475	30	false	false
frontend/app/(app)/writing/submissions/[submissionId]/result/result-client.tsx	33	FunctionDeclaration	StatTile	477	508	32	false	false
frontend/app/(app)/writing/submissions/[submissionId]/result/result-client.tsx	34	FunctionDeclaration	xpNumber	510	513	4	false	false
frontend/app/(app)/writing/submissions/[submissionId]/result/result-client.tsx	35	FunctionDeclaration	TargetActionPlanPanel	516	574	59	false	false
frontend/app/(app)/writing/submissions/[submissionId]/result/result-client.tsx	36	FunctionDeclaration	ImprovedDiffView	576	599	24	false	false
frontend/app/(app)/writing/submissions/[submissionId]/result/result-client.tsx	37	FunctionDeclaration	CriterionCard	601	704	104	false	false
frontend/app/(app)/writing/submissions/[submissionId]/result/result-client.tsx	38	FunctionDeclaration	GradingScreen	706	788	83	false	false
frontend/app/(app)/writing/submissions/[submissionId]/result/result-client.tsx	39	FunctionDeclaration	FailedScreen	790	823	34	false	false
frontend/app/(app)/writing/submissions/[submissionId]/result/result-client.tsx	40	FunctionDeclaration	FeedbackPanel	825	911	87	false	false
frontend/app/(app)/writing/submissions/[submissionId]/result/result-client.tsx	41	FunctionDeclaration	VocabularySuggestionCard	913	953	41	false	false
frontend/app/(app)/writing/submissions/[submissionId]/result/result-client.tsx	42	FunctionDeclaration	WritingResultClient	955	1878	924	true	false
frontend/app/(app)/tests/page.tsx	1	ImportDeclaration	Link	1	1	1	false	false
frontend/app/(app)/tests/page.tsx	2	ImportDeclaration	Image	2	2	1	false	false
frontend/app/(app)/tests/page.tsx	3	ImportDeclaration	ComponentType	3	3	1	false	false
frontend/app/(app)/tests/page.tsx	4	ImportDeclaration	ArrowRight,BookOpen,BrainCircuit,CheckCircle2,ChevronRight,CirclePlay,ClipboardCheck,Crown,FileText,Folder,Headphones,Mic,Pencil	4	18	15	false	false
frontend/app/(app)/tests/page.tsx	5	ImportDeclaration	Button	19	19	1	false	false
frontend/app/(app)/tests/page.tsx	6	ImportDeclaration	getCatalogTests	20	20	1	false	false
frontend/app/(app)/tests/page.tsx	7	ImportDeclaration	getUserAttempts	21	21	1	false	false
frontend/app/(app)/tests/page.tsx	8	ImportDeclaration	getTestSourceKey,getTestSourceLabel	22	22	1	false	false
frontend/app/(app)/tests/page.tsx	9	ImportDeclaration	AttemptRow,TestCardAttemptSummary,TestCatalogItem	23	23	1	false	false
frontend/app/(app)/tests/page.tsx	10	ImportDeclaration	cn	24	24	1	false	false
frontend/app/(app)/tests/page.tsx	11	ImportDeclaration	LatestTestsPanel	25	25	1	false	false
frontend/app/(app)/tests/page.tsx	12	ImportDeclaration	PracticeCatalogView	26	26	1	false	false
frontend/app/(app)/tests/page.tsx	13	ImportDeclaration	TestsRefreshOnMount	27	27	1	false	false
frontend/app/(app)/tests/page.tsx	14	FirstStatement	dynamic	29	29	1	true	false
frontend/app/(app)/tests/page.tsx	15	FirstStatement	revalidate	30	30	1	true	false
frontend/app/(app)/tests/page.tsx	16	TypeAliasDeclaration	ActiveType	32	32	1	false	false
frontend/app/(app)/tests/page.tsx	17	TypeAliasDeclaration	ReadingSource	33	33	1	false	false
frontend/app/(app)/tests/page.tsx	18	TypeAliasDeclaration	ReadingFormat	34	34	1	false	false
frontend/app/(app)/tests/page.tsx	19	TypeAliasDeclaration	ListeningFormat	35	35	1	false	false
frontend/app/(app)/tests/page.tsx	20	TypeAliasDeclaration	ReadingAccess	36	36	1	false	false
frontend/app/(app)/tests/page.tsx	21	TypeAliasDeclaration	ReadingSort	37	37	1	false	false
frontend/app/(app)/tests/page.tsx	22	InterfaceDeclaration	TestsPageProps	39	48	10	false	false
frontend/app/(app)/tests/page.tsx	23	FirstStatement	summaryCards	50	81	32	false	false
frontend/app/(app)/tests/page.tsx	24	FirstStatement	skillCards	83	135	53	false	false
frontend/app/(app)/tests/page.tsx	25	FirstStatement	collectionCards	137	159	23	false	false
frontend/app/(app)/tests/page.tsx	26	FirstStatement	readingCollectionCards	161	190	30	false	false
frontend/app/(app)/tests/page.tsx	27	FirstStatement	listeningCollectionCards	192	221	30	false	false
frontend/app/(app)/tests/page.tsx	28	FirstStatement	readingTabs	223	229	7	false	false
frontend/app/(app)/tests/page.tsx	29	FirstStatement	listeningTabs	231	238	8	false	false
frontend/app/(app)/tests/page.tsx	30	FunctionDeclaration	getReadingTabLabel	240	253	14	false	false
frontend/app/(app)/tests/page.tsx	31	FunctionDeclaration	getListeningTabLabel	255	270	16	false	false
frontend/app/(app)/tests/page.tsx	32	FunctionDeclaration	getCollectionTitle	272	285	14	false	false
frontend/app/(app)/tests/page.tsx	33	FunctionDeclaration	getSummaryTitle	287	302	16	false	false
frontend/app/(app)/tests/page.tsx	34	FunctionDeclaration	getSkillCardDescription	304	317	14	false	false
frontend/app/(app)/tests/page.tsx	35	FunctionDeclaration	getSkillCardButton	319	334	16	false	false
frontend/app/(app)/tests/page.tsx	36	FirstStatement	readingTestCards	336	502	167	false	false
frontend/app/(app)/tests/page.tsx	37	FirstStatement	listeningTestCards	504	625	122	false	false
frontend/app/(app)/tests/page.tsx	38	FunctionDeclaration	normalizeActiveType	627	629	3	false	false
frontend/app/(app)/tests/page.tsx	39	FunctionDeclaration	normalizeReadingSource	631	633	3	false	false
frontend/app/(app)/tests/page.tsx	40	FunctionDeclaration	normalizeReadingFormat	635	637	3	false	false
frontend/app/(app)/tests/page.tsx	41	FunctionDeclaration	normalizeListeningFormat	639	641	3	false	false
frontend/app/(app)/tests/page.tsx	42	FunctionDeclaration	normalizeReadingAccess	643	645	3	false	false
frontend/app/(app)/tests/page.tsx	43	FunctionDeclaration	normalizeReadingSort	647	651	5	false	false
frontend/app/(app)/tests/page.tsx	44	FunctionDeclaration	getCardAttemptSortRank	655	663	9	false	false
frontend/app/(app)/tests/page.tsx	45	FunctionDeclaration	getReadingCardAttemptState	665	681	17	false	false
frontend/app/(app)/tests/page.tsx	46	FunctionDeclaration	getListeningCardAttemptState	683	699	17	false	false
frontend/app/(app)/tests/page.tsx	47	FunctionDeclaration	buildReadingTestsHref	701	739	39	false	false
frontend/app/(app)/tests/page.tsx	48	FunctionDeclaration	buildListeningTestsHref	741	779	39	false	false
frontend/app/(app)/tests/page.tsx	49	FunctionDeclaration	getContinueHref	781	784	4	false	false
frontend/app/(app)/tests/page.tsx	50	FunctionDeclaration	isCompletedAttempt	786	788	3	false	false
frontend/app/(app)/tests/page.tsx	51	FunctionDeclaration	toCardAttemptSummary	790	800	11	false	false
frontend/app/(app)/tests/page.tsx	52	FunctionDeclaration	isResumeOrReviewAction	802	804	3	false	false
frontend/app/(app)/tests/page.tsx	53	FunctionDeclaration	getTestActionButtonClassName	806	813	8	false	false
frontend/app/(app)/tests/page.tsx	54	FunctionDeclaration	normalizeMatchText	815	820	6	false	false
frontend/app/(app)/tests/page.tsx	55	FunctionDeclaration	getReadingCardTestNumber	822	824	3	false	false
frontend/app/(app)/tests/page.tsx	56	FunctionDeclaration	getReadingCardTestNumberValue	826	829	4	false	false
frontend/app/(app)/tests/page.tsx	57	FunctionDeclaration	getCambridgeBookAndTest	831	839	9	false	false
frontend/app/(app)/tests/page.tsx	58	FunctionDeclaration	compareReadingCardsByNewestTestNumber	841	858	18	false	false
frontend/app/(app)/tests/page.tsx	59	FunctionDeclaration	compareCambridgeReadingCards	860	881	22	false	false
frontend/app/(app)/tests/page.tsx	60	FunctionDeclaration	getCatalogTestNumber	883	885	3	false	false
frontend/app/(app)/tests/page.tsx	61	FunctionDeclaration	getCatalogTestNumberValue	887	890	4	false	false
frontend/app/(app)/tests/page.tsx	62	FunctionDeclaration	getReadingCardFallbackHref	892	912	21	false	false
frontend/app/(app)/tests/page.tsx	63	FunctionDeclaration	resolveReadingCardTest	914	973	60	false	false
frontend/app/(app)/tests/page.tsx	64	FunctionDeclaration	formatDisplay	975	983	9	false	false
frontend/app/(app)/tests/page.tsx	65	FunctionDeclaration	IconTile	985	997	13	false	false
frontend/app/(app)/tests/page.tsx	66	FunctionDeclaration	CollectionImageTile	999	1018	20	false	false
frontend/app/(app)/tests/page.tsx	67	FunctionDeclaration	ReadingCompletedBadge	1020	1027	8	false	false
frontend/app/(app)/tests/page.tsx	68	FunctionDeclaration	NewTestBadge	1029	1035	7	false	false
frontend/app/(app)/tests/page.tsx	69	TypeAliasDeclaration	ReadingTestCard	1037	1037	1	false	false
frontend/app/(app)/tests/page.tsx	70	FunctionDeclaration	getReadingFormatBadgeLabel	1039	1047	9	false	false
frontend/app/(app)/tests/page.tsx	71	FunctionDeclaration	getReadingCardTitleDisplay	1049	1074	26	false	false
frontend/app/(app)/tests/page.tsx	72	FunctionDeclaration	getReadingCompletedScoreLabel	1076	1082	7	false	false
frontend/app/(app)/tests/page.tsx	73	FunctionDeclaration	getReadingBookmarkItem	1084	1099	16	false	false
frontend/app/(app)/tests/page.tsx	74	TypeAliasDeclaration	ListeningTestCard	1101	1101	1	false	false
frontend/app/(app)/tests/page.tsx	75	FunctionDeclaration	getListeningCardTestNumber	1103	1105	3	false	false
frontend/app/(app)/tests/page.tsx	76	FunctionDeclaration	getListeningCardFallbackHref	1107	1127	21	false	false
frontend/app/(app)/tests/page.tsx	77	FunctionDeclaration	getListeningFormatBadgeLabel	1129	1137	9	false	false
frontend/app/(app)/tests/page.tsx	78	FunctionDeclaration	getListeningCardTitleDisplay	1139	1164	26	false	false
frontend/app/(app)/tests/page.tsx	79	FunctionDeclaration	getListeningCompletedScoreLabel	1166	1172	7	false	false
frontend/app/(app)/tests/page.tsx	80	FunctionDeclaration	getListeningBookmarkItem	1174	1189	16	false	false
frontend/app/(app)/tests/page.tsx	81	FunctionDeclaration	resolveListeningCardTest	1191	1250	60	false	false
frontend/app/(app)/tests/page.tsx	82	FunctionDeclaration	HeaderIllustration	1253	1457	205	false	false
frontend/app/(app)/tests/page.tsx	83	FunctionDeclaration	TestsPage	1459	1660	202	true	true
admin/app/(dashboard)/promo-codes/page.tsx	1	ExpressionStatement		1	1	1	false	false
admin/app/(dashboard)/promo-codes/page.tsx	2	ImportDeclaration	FormEvent,ReactMouseEvent	3	3	1	false	false
admin/app/(dashboard)/promo-codes/page.tsx	3	ImportDeclaration	useEffect,useMemo,useRef,useState	4	4	1	false	false
admin/app/(dashboard)/promo-codes/page.tsx	4	ImportDeclaration	Ban,CalendarDays,CheckCircle2,ChevronDown,ChevronLeft,ChevronRight,Clock3,Copy,Gift,PauseCircle,PlayCircle,RefreshCw,Search,Sparkles,Ticket,X	5	22	18	false	false
admin/app/(dashboard)/promo-codes/page.tsx	5	ImportDeclaration	Badge,Button,Card,CardContent,CardDescription,CardHeader,CardTitle,Input,Notice,SectionHeader,Select,cn	23	23	1	false	false
admin/app/(dashboard)/promo-codes/page.tsx	6	ImportDeclaration	AdminMetricsTableLoadingSkeleton	24	24	1	false	false
admin/app/(dashboard)/promo-codes/page.tsx	7	ImportDeclaration	getClientAdminAccessToken	25	25	1	false	false
admin/app/(dashboard)/promo-codes/page.tsx	8	ImportDeclaration	ADMIN_PUBLIC_API_BASE_URL	26	26	1	false	false
admin/app/(dashboard)/promo-codes/page.tsx	9	FirstStatement	API_BASE	28	28	1	false	false
admin/app/(dashboard)/promo-codes/page.tsx	10	TypeAliasDeclaration	PlanOption	30	37	8	false	false
admin/app/(dashboard)/promo-codes/page.tsx	11	TypeAliasDeclaration	GiftCodeRow	39	59	21	false	false
admin/app/(dashboard)/promo-codes/page.tsx	12	TypeAliasDeclaration	CreateGiftCodesResponse	61	64	4	false	false
admin/app/(dashboard)/promo-codes/page.tsx	13	FunctionDeclaration	formatDateTime	66	83	18	false	false
admin/app/(dashboard)/promo-codes/page.tsx	14	FunctionDeclaration	formatPrice	85	94	10	false	false
admin/app/(dashboard)/promo-codes/page.tsx	15	FunctionDeclaration	formatDateTimeInputValue	96	103	8	false	false
admin/app/(dashboard)/promo-codes/page.tsx	16	FunctionDeclaration	parseDateTimeInputValue	105	118	14	false	false
admin/app/(dashboard)/promo-codes/page.tsx	17	FunctionDeclaration	getDateInputPart	120	122	3	false	false
admin/app/(dashboard)/promo-codes/page.tsx	18	FunctionDeclaration	getTimeInputPart	124	127	4	false	false
admin/app/(dashboard)/promo-codes/page.tsx	19	FunctionDeclaration	setDateInputPart	129	135	7	false	false
admin/app/(dashboard)/promo-codes/page.tsx	20	FunctionDeclaration	setTimeInputPart	137	144	8	false	false
admin/app/(dashboard)/promo-codes/page.tsx	21	FunctionDeclaration	clampTimeInputPart	146	156	11	false	false
admin/app/(dashboard)/promo-codes/page.tsx	22	FunctionDeclaration	roundUpToMinuteStep	158	168	11	false	false
admin/app/(dashboard)/promo-codes/page.tsx	23	FunctionDeclaration	addMinutesToDateTimeInputValue	170	175	6	false	false
admin/app/(dashboard)/promo-codes/page.tsx	24	FunctionDeclaration	addDaysToDateTimeInputValue	177	182	6	false	false
admin/app/(dashboard)/promo-codes/page.tsx	25	FunctionDeclaration	formatDateTimeEntryLabel	184	196	13	false	false
admin/app/(dashboard)/promo-codes/page.tsx	26	FunctionDeclaration	formatDateOnlyInputValue	198	200	3	false	false
admin/app/(dashboard)/promo-codes/page.tsx	27	FunctionDeclaration	formatDateTimeButtonLabel	202	215	14	false	false
admin/app/(dashboard)/promo-codes/page.tsx	28	FunctionDeclaration	formatMonthLabel	217	222	6	false	false
admin/app/(dashboard)/promo-codes/page.tsx	29	FunctionDeclaration	startOfMonth	224	226	3	false	false
admin/app/(dashboard)/promo-codes/page.tsx	30	FunctionDeclaration	addMonths	228	230	3	false	false
admin/app/(dashboard)/promo-codes/page.tsx	31	FunctionDeclaration	startOfCalendarWeek	232	239	8	false	false
admin/app/(dashboard)/promo-codes/page.tsx	32	FunctionDeclaration	isSameDay	241	245	5	false	false
admin/app/(dashboard)/promo-codes/page.tsx	33	FunctionDeclaration	isBeforeDay	247	249	3	false	false
admin/app/(dashboard)/promo-codes/page.tsx	34	FunctionDeclaration	startOfDay	251	255	5	false	false
admin/app/(dashboard)/promo-codes/page.tsx	35	FunctionDeclaration	getMonthIndex	257	259	3	false	false
admin/app/(dashboard)/promo-codes/page.tsx	36	FunctionDeclaration	buildCalendarDays	261	273	13	false	false
admin/app/(dashboard)/promo-codes/page.tsx	37	FirstStatement	WEEKDAY_LABELS	275	275	1	false	false
admin/app/(dashboard)/promo-codes/page.tsx	38	TypeAliasDeclaration	DateTimePickerFieldProps	277	282	6	false	false
admin/app/(dashboard)/promo-codes/page.tsx	39	FunctionDeclaration	DateTimePickerField	284	461	178	false	false
admin/app/(dashboard)/promo-codes/page.tsx	40	FunctionDeclaration	buildStartDateIso	463	474	12	false	false
admin/app/(dashboard)/promo-codes/page.tsx	41	FunctionDeclaration	buildEndDateIso	476	487	12	false	false
admin/app/(dashboard)/promo-codes/page.tsx	42	FunctionDeclaration	normalizeCodeInput	489	491	3	false	false
admin/app/(dashboard)/promo-codes/page.tsx	43	FunctionDeclaration	normalizePrefix	493	495	3	false	false
admin/app/(dashboard)/promo-codes/page.tsx	44	FunctionDeclaration	targetUserLabel	497	505	9	false	false
admin/app/(dashboard)/promo-codes/page.tsx	45	FunctionDeclaration	statusLabel	507	512	6	false	false
admin/app/(dashboard)/promo-codes/page.tsx	46	FunctionDeclaration	statusTone	514	520	7	false	false
admin/app/(dashboard)/promo-codes/page.tsx	47	FunctionDeclaration	requestAdmin	522	544	23	false	false
admin/app/(dashboard)/promo-codes/page.tsx	48	FunctionDeclaration	PromoCodesPage	546	1388	843	true	true
admin/app/(dashboard)/promo-codes/page.tsx	49	FunctionDeclaration	MetricCard	1390	1423	34	false	false
frontend/app/(app)/analytics/[skill]/skill-analytics-client.tsx	1	ExpressionStatement		1	1	1	false	false
frontend/app/(app)/analytics/[skill]/skill-analytics-client.tsx	2	ImportDeclaration	Link	3	3	1	false	false
frontend/app/(app)/analytics/[skill]/skill-analytics-client.tsx	3	ImportDeclaration	useState	4	4	1	false	false
frontend/app/(app)/analytics/[skill]/skill-analytics-client.tsx	4	ImportDeclaration	AlertTriangle,ArrowLeft,ArrowRight,BookOpenText,CheckCircle2,CheckCircle,ClipboardList,Clock3,Crown,FileText,Headphones,Info,Lightbulb,MessageCircle,Mic,PencilLine,ScanSearch,Target,Timer,Volume2	5	26	22	false	false
frontend/app/(app)/analytics/[skill]/skill-analytics-client.tsx	5	ImportDeclaration	Area,AreaChart,CartesianGrid,Line,LineChart,ResponsiveContainer,Tooltip,XAxis,YAxis	27	37	11	false	false
frontend/app/(app)/analytics/[skill]/skill-analytics-client.tsx	6	ImportDeclaration	roundIeltsBand	38	38	1	false	false
frontend/app/(app)/analytics/[skill]/skill-analytics-client.tsx	7	ImportDeclaration	cn	39	39	1	false	false
frontend/app/(app)/analytics/[skill]/skill-analytics-client.tsx	8	ImportDeclaration	getSubscriptionPageHref	40	40	1	false	false
frontend/app/(app)/analytics/[skill]/skill-analytics-client.tsx	9	ImportDeclaration	useAuthStore	41	41	1	false	false
frontend/app/(app)/analytics/[skill]/skill-analytics-client.tsx	10	ImportDeclaration	DashboardAnalytics	42	42	1	false	false
frontend/app/(app)/analytics/[skill]/skill-analytics-client.tsx	11	TypeAliasDeclaration	Skill	44	44	1	false	false
frontend/app/(app)/analytics/[skill]/skill-analytics-client.tsx	12	TypeAliasDeclaration	IconComponent	45	45	1	false	false
frontend/app/(app)/analytics/[skill]/skill-analytics-client.tsx	13	TypeAliasDeclaration	WritingTaskTab	47	47	1	false	false
frontend/app/(app)/analytics/[skill]/skill-analytics-client.tsx	14	TypeAliasDeclaration	WritingPromptRow	49	55	7	false	false
frontend/app/(app)/analytics/[skill]/skill-analytics-client.tsx	15	FunctionDeclaration	Card	57	67	11	false	false
frontend/app/(app)/analytics/[skill]/skill-analytics-client.tsx	16	FunctionDeclaration	CardTitle	69	76	8	false	false
frontend/app/(app)/analytics/[skill]/skill-analytics-client.tsx	17	FunctionDeclaration	AccuracyBar	78	90	13	false	false
frontend/app/(app)/analytics/[skill]/skill-analytics-client.tsx	18	FunctionDeclaration	progressColor	92	97	6	false	false
frontend/app/(app)/analytics/[skill]/skill-analytics-client.tsx	19	FunctionDeclaration	writingStatusClassName	99	104	6	false	false
frontend/app/(app)/analytics/[skill]/skill-analytics-client.tsx	20	FunctionDeclaration	formatSeconds	106	112	7	false	false
frontend/app/(app)/analytics/[skill]/skill-analytics-client.tsx	21	FunctionDeclaration	roundWholeBand	114	117	4	false	false
frontend/app/(app)/analytics/[skill]/skill-analytics-client.tsx	22	FunctionDeclaration	formatBand	119	122	4	false	false
frontend/app/(app)/analytics/[skill]/skill-analytics-client.tsx	23	FunctionDeclaration	formatPercent	124	126	3	false	false
frontend/app/(app)/analytics/[skill]/skill-analytics-client.tsx	24	FunctionDeclaration	formatWholeBandDelta	128	140	13	false	false
frontend/app/(app)/analytics/[skill]/skill-analytics-client.tsx	25	FunctionDeclaration	bandToRoundedPercent	142	145	4	false	false
frontend/app/(app)/analytics/[skill]/skill-analytics-client.tsx	26	FunctionDeclaration	formatTrendValue	147	160	14	false	false
frontend/app/(app)/analytics/[skill]/skill-analytics-client.tsx	27	FunctionDeclaration	average	162	164	3	false	false
frontend/app/(app)/analytics/[skill]/skill-analytics-client.tsx	28	FunctionDeclaration	toLocalDayKey	166	171	6	false	false
frontend/app/(app)/analytics/[skill]/skill-analytics-client.tsx	29	FunctionDeclaration	formatTrendDayLabel	173	175	3	false	false
frontend/app/(app)/analytics/[skill]/skill-analytics-client.tsx	30	FunctionDeclaration	buildNineDayPerformanceTrend	177	206	30	false	false
frontend/app/(app)/analytics/[skill]/skill-analytics-client.tsx	31	FunctionDeclaration	buildSevenDayBandTrend	208	238	31	false	false
frontend/app/(app)/analytics/[skill]/skill-analytics-client.tsx	32	FunctionDeclaration	skillStatus	240	245	6	false	false
frontend/app/(app)/analytics/[skill]/skill-analytics-client.tsx	33	FunctionDeclaration	questionTone	247	252	6	false	false
frontend/app/(app)/analytics/[skill]/skill-analytics-client.tsx	34	FunctionDeclaration	focusIcon	254	268	15	false	false
frontend/app/(app)/analytics/[skill]/skill-analytics-client.tsx	35	FunctionDeclaration	noDataMessage	270	276	7	false	false
frontend/app/(app)/analytics/[skill]/skill-analytics-client.tsx	36	FunctionDeclaration	SkillDetailContent	278	588	311	false	false
frontend/app/(app)/analytics/[skill]/skill-analytics-client.tsx	37	FunctionDeclaration	WritingAnalyticsContent	590	926	337	false	false
frontend/app/(app)/analytics/[skill]/skill-analytics-client.tsx	38	FunctionDeclaration	SpeakingAnalyticsContent	928	1080	153	false	false
frontend/app/(app)/analytics/[skill]/skill-analytics-client.tsx	39	FunctionDeclaration	SkillAnalyticsPremiumGate	1082	1104	23	false	false
frontend/app/(app)/analytics/[skill]/skill-analytics-client.tsx	40	FunctionDeclaration	SkillAnalyticsClient	1106	1149	44	true	true
frontend/components/subscription/subscription-workspace.tsx	1	ExpressionStatement		1	1	1	false	false
frontend/components/subscription/subscription-workspace.tsx	2	ImportDeclaration	FormEvent	3	3	1	false	false
frontend/components/subscription/subscription-workspace.tsx	3	ImportDeclaration	useEffect,useMemo,useRef,useState	4	4	1	false	false
frontend/components/subscription/subscription-workspace.tsx	4	ImportDeclaration	AlertTriangle,ArrowRight,BarChart3,CalendarDays,Check,CheckCircle2,ChevronRight,Clock3,Copy,Crown,CreditCard,Gift,Infinity,Info,Loader2,MessageCircle,PenTool,Send,ShieldCheck,ShoppingCart,TrendingUp,X	5	5	1	false	false
frontend/components/subscription/subscription-workspace.tsx	5	ImportDeclaration	useRouter	6	6	1	false	false
frontend/components/subscription/subscription-workspace.tsx	6	ImportDeclaration	GiftCodeGeneratorCard	8	8	1	false	false
frontend/components/subscription/subscription-workspace.tsx	7	ImportDeclaration	PrimePremiumIcon	9	9	1	false	false
frontend/components/subscription/subscription-workspace.tsx	8	ImportDeclaration	Button	10	10	1	false	false
frontend/components/subscription/subscription-workspace.tsx	9	ImportDeclaration	Input	11	11	1	false	false
frontend/components/subscription/subscription-workspace.tsx	10	ImportDeclaration	createApiClient,ApiError	12	12	1	false	false
frontend/components/subscription/subscription-workspace.tsx	11	ImportDeclaration	parseAnalyticsAmount,trackBeginCheckout,trackPaymentCanceled,trackPaymentCopy,trackPaymentProofClick,trackPlanSelect	13	20	8	false	false
frontend/components/subscription/subscription-workspace.tsx	12	ImportDeclaration	PaymentRecordResponse	21	21	1	false	false
frontend/components/subscription/subscription-workspace.tsx	13	ImportDeclaration	copyTextToClipboard	22	22	1	false	false
frontend/components/subscription/subscription-workspace.tsx	14	ImportDeclaration	MarketingPlan	23	23	1	false	false
frontend/components/subscription/subscription-workspace.tsx	15	ImportDeclaration	UserGiftCodeSummary,UserPaymentRecord	24	24	1	false	false
frontend/components/subscription/subscription-workspace.tsx	16	ImportDeclaration	cn	25	25	1	false	false
frontend/components/subscription/subscription-workspace.tsx	17	ImportDeclaration	useAuthStore	26	26	1	false	false
frontend/components/subscription/subscription-workspace.tsx	18	FunctionDeclaration	formatAmount	28	34	7	false	false
frontend/components/subscription/subscription-workspace.tsx	19	FunctionDeclaration	mapPaymentRecord	36	63	28	false	false
frontend/components/subscription/subscription-workspace.tsx	20	FunctionDeclaration	computeTimeLeft	65	77	13	false	false
frontend/components/subscription/subscription-workspace.tsx	21	FunctionDeclaration	formatCardPreview	79	85	7	false	false
frontend/components/subscription/subscription-workspace.tsx	22	FunctionDeclaration	copyFieldKey	87	89	3	false	false
frontend/components/subscription/subscription-workspace.tsx	23	FunctionDeclaration	normalizePaymentErrorMessage	91	100	10	false	false
frontend/components/subscription/subscription-workspace.tsx	24	FunctionDeclaration	useCountdown	102	114	13	false	false
frontend/components/subscription/subscription-workspace.tsx	25	FunctionDeclaration	telegramUrl	116	119	4	false	false
frontend/components/subscription/subscription-workspace.tsx	26	FunctionDeclaration	getIncludedFeatures	121	130	10	false	false
frontend/components/subscription/subscription-workspace.tsx	27	FunctionDeclaration	getSubscriptionPricingPlanStyles	132	150	19	false	false
frontend/components/subscription/subscription-workspace.tsx	28	FunctionDeclaration	formatPremiumDate	152	167	16	false	false
frontend/components/subscription/subscription-workspace.tsx	29	FunctionDeclaration	SubscriptionPageHeader	169	180	12	false	false
frontend/components/subscription/subscription-workspace.tsx	30	FunctionDeclaration	CurrentPlanCard	182	257	76	false	false
frontend/components/subscription/subscription-workspace.tsx	31	FunctionDeclaration	PremiumIncludedCard	259	285	27	false	false
frontend/components/subscription/subscription-workspace.tsx	32	FunctionDeclaration	SubscriptionLandingPricingGrid	287	391	105	false	false
frontend/components/subscription/subscription-workspace.tsx	33	FunctionDeclaration	ActivationStepsSection	393	472	80	false	false
frontend/components/subscription/subscription-workspace.tsx	34	FunctionDeclaration	PremiumCodeSection	474	567	94	false	false
frontend/components/subscription/subscription-workspace.tsx	35	FunctionDeclaration	CopyActionButton	569	589	21	false	false
frontend/components/subscription/subscription-workspace.tsx	36	FunctionDeclaration	PaymentCopyCard	591	627	37	false	false
frontend/components/subscription/subscription-workspace.tsx	37	FunctionDeclaration	PaymentStatusPill	629	649	21	false	false
frontend/components/subscription/subscription-workspace.tsx	38	FunctionDeclaration	ConfirmCancelDialog	651	679	29	false	false
frontend/components/subscription/subscription-workspace.tsx	39	FunctionDeclaration	ActiveInvoiceModal	681	968	288	false	false
frontend/components/subscription/subscription-workspace.tsx	40	FunctionDeclaration	ActivePaymentNotice	970	996	27	false	false
frontend/components/subscription/subscription-workspace.tsx	41	FunctionDeclaration	SubscriptionWorkspace	998	1145	148	true	false
frontend/components/layout/site-shell.tsx	1	ExpressionStatement		1	1	1	false	false
frontend/components/layout/site-shell.tsx	2	ImportDeclaration	Link	3	3	1	false	false
frontend/components/layout/site-shell.tsx	3	ImportDeclaration	Suspense,useState,useEffect,useRef,CSSProperties,ReactNode	4	4	1	false	false
frontend/components/layout/site-shell.tsx	4	ImportDeclaration	BookOpen,CalendarDays,LayoutDashboard,Moon,Sun,User,LogOut,ChevronDown,Settings2,Bell,Headphones,PenSquare,Mic	5	5	1	false	false
frontend/components/layout/site-shell.tsx	5	ImportDeclaration	Button	6	6	1	false	false
frontend/components/layout/site-shell.tsx	6	ImportDeclaration	Dialog	7	7	1	false	false
frontend/components/layout/site-shell.tsx	7	ImportDeclaration	cn	8	8	1	false	false
frontend/components/layout/site-shell.tsx	8	ImportDeclaration	useAuthStore	9	9	1	false	false
frontend/components/layout/site-shell.tsx	9	ImportDeclaration	PrimePremiumIcon	10	10	1	false	false
frontend/components/layout/site-shell.tsx	10	ImportDeclaration	createApiClient	11	11	1	false	false
frontend/components/layout/site-shell.tsx	11	ImportDeclaration	ApiError	12	12	1	false	false
frontend/components/layout/site-shell.tsx	12	ImportDeclaration	buildUserDisplayName	13	13	1	false	false
frontend/components/layout/site-shell.tsx	13	ImportDeclaration	useRouter,usePathname	14	14	1	false	false
frontend/components/layout/site-shell.tsx	14	ImportDeclaration	NavigationTransitionOverlay	15	15	1	false	false
frontend/components/layout/site-shell.tsx	15	ImportDeclaration	emitNavigationStart,setPendingPublicRedirect	16	16	1	false	false
frontend/components/layout/site-shell.tsx	16	ImportDeclaration	refreshClientUserAccessToken	17	17	1	false	false
frontend/components/layout/site-shell.tsx	17	ImportDeclaration	listenNotificationRefresh	18	18	1	false	false
frontend/components/layout/site-shell.tsx	18	ImportDeclaration	trackCtaClick,trackLogout,trackNavigationClick,trackUiInteraction	19	19	1	false	false
frontend/components/layout/site-shell.tsx	19	InterfaceDeclaration	SiteShellProps	21	23	3	false	false
frontend/components/layout/site-shell.tsx	20	FunctionDeclaration	SiteShell	25	738	714	true	false
frontend/components/layout/site-shell.tsx	21	FunctionDeclaration	NavLink	740	780	41	false	false
frontend/components/layout/site-shell.tsx	22	FunctionDeclaration	PracticeTestsMenu	782	918	137	false	false
frontend/components/layout/site-shell.tsx	23	FunctionDeclaration	PracticeDropdownLink	920	961	42	false	false
frontend/components/layout/site-shell.tsx	24	FunctionDeclaration	MobilePracticeLink	963	1001	39	false	false
frontend/components/layout/site-shell.tsx	25	FunctionDeclaration	MobileNavLink	1003	1031	29	false	false
